-- phpMyAdmin SQL Dump
-- version 5.2.1
-- https://www.phpmyadmin.net/
--
-- Host: 127.0.0.1
-- Waktu pembuatan: 08 Nov 2025 pada 13.04
-- Versi server: 10.4.32-MariaDB
-- Versi PHP: 8.2.12

SET SQL_MODE = "NO_AUTO_VALUE_ON_ZERO";
START TRANSACTION;
SET time_zone = "+00:00";


/*!40101 SET @OLD_CHARACTER_SET_CLIENT=@@CHARACTER_SET_CLIENT */;
/*!40101 SET @OLD_CHARACTER_SET_RESULTS=@@CHARACTER_SET_RESULTS */;
/*!40101 SET @OLD_COLLATION_CONNECTION=@@COLLATION_CONNECTION */;
/*!40101 SET NAMES utf8mb4 */;

--
-- Database: `rpr`
--

-- --------------------------------------------------------

--
-- Struktur dari tabel `bps_data`
--

CREATE TABLE `bps_data` (
  `id` bigint(20) UNSIGNED NOT NULL,
  `tahun` year(4) NOT NULL,
  `provinsi_id` bigint(20) UNSIGNED NOT NULL,
  `kabupaten_id` bigint(20) UNSIGNED DEFAULT NULL,
  `kecamatan_id` bigint(20) UNSIGNED DEFAULT NULL,
  `sektor_id` bigint(20) UNSIGNED NOT NULL,
  `komoditas_id` bigint(20) UNSIGNED NOT NULL,
  `luas_lahan` decimal(15,2) DEFAULT NULL,
  `produksi` decimal(15,2) DEFAULT NULL,
  `produktivitas` decimal(10,2) DEFAULT NULL,
  `status_unggulan` tinyint(1) NOT NULL DEFAULT 0,
  `peringkat_wilayah` int(11) DEFAULT NULL,
  `sumber_data` varchar(255) NOT NULL DEFAULT 'BPS',
  `keterangan` varchar(255) DEFAULT NULL,
  `created_at` timestamp NULL DEFAULT NULL,
  `updated_at` timestamp NULL DEFAULT NULL
) ENGINE=InnoDB DEFAULT CHARSET=utf8mb4 COLLATE=utf8mb4_unicode_ci;

--
-- Dumping data untuk tabel `bps_data`
--

INSERT INTO `bps_data` (`id`, `tahun`, `provinsi_id`, `kabupaten_id`, `kecamatan_id`, `sektor_id`, `komoditas_id`, `luas_lahan`, `produksi`, `produktivitas`, `status_unggulan`, `peringkat_wilayah`, `sumber_data`, `keterangan`, `created_at`, `updated_at`) VALUES
(43, '2023', 6, 33, 176, 2, 133, 27.00, 209.90, 7.77, 0, NULL, 'BPS', NULL, '2025-11-06 12:36:40', '2025-11-06 12:36:40'),
(44, '2023', 6, 33, 181, 2, 133, 33.00, 322.50, 9.77, 0, NULL, 'BPS', NULL, '2025-11-06 12:36:40', '2025-11-06 12:36:40'),
(45, '2023', 6, 33, 187, 2, 133, 21.00, 204.60, 9.74, 0, NULL, 'BPS', NULL, '2025-11-06 12:36:40', '2025-11-06 12:36:40'),
(46, '2023', 6, 33, 192, 2, 133, 26.00, 312.10, 12.00, 0, NULL, 'BPS', NULL, '2025-11-06 12:36:40', '2025-11-06 12:36:40'),
(47, '2023', 6, 33, 177, 2, 133, 52.00, 198.60, 3.82, 0, NULL, 'BPS', NULL, '2025-11-06 12:36:40', '2025-11-06 12:36:40'),
(48, '2023', 6, 33, 184, 2, 133, 15.00, 174.50, 11.63, 0, NULL, 'BPS', NULL, '2025-11-06 12:36:40', '2025-11-06 12:36:40'),
(49, '2023', 6, 33, 179, 2, 133, 26.00, 238.10, 9.16, 0, NULL, 'BPS', NULL, '2025-11-06 12:36:40', '2025-11-06 12:36:40'),
(50, '2023', 6, 33, 183, 2, 133, 33.00, 230.80, 6.99, 0, NULL, 'BPS', NULL, '2025-11-06 12:36:40', '2025-11-06 12:36:40'),
(51, '2023', 6, 33, 182, 2, 133, 28.00, 282.40, 10.09, 0, NULL, 'BPS', NULL, '2025-11-06 12:36:40', '2025-11-06 12:36:40'),
(52, '2023', 6, 33, 189, 2, 133, 26.00, 177.00, 6.81, 0, NULL, 'BPS', NULL, '2025-11-06 12:36:40', '2025-11-06 12:36:40'),
(53, '2023', 6, 33, 174, 2, 133, 28.00, 268.70, 9.60, 0, NULL, 'BPS', NULL, '2025-11-06 12:36:40', '2025-11-06 12:36:40'),
(54, '2023', 6, 33, 185, 2, 133, 31.00, 329.30, 10.62, 0, NULL, 'BPS', NULL, '2025-11-06 12:36:40', '2025-11-06 12:36:40'),
(55, '2023', 6, 33, 175, 2, 133, 34.00, 324.20, 9.54, 0, NULL, 'BPS', NULL, '2025-11-06 12:36:40', '2025-11-06 12:36:40'),
(56, '2023', 6, 33, 180, 2, 133, 33.00, 327.10, 9.91, 0, NULL, 'BPS', NULL, '2025-11-06 12:36:40', '2025-11-06 12:36:40'),
(57, '2023', 6, 33, 190, 2, 133, 22.00, 228.30, 10.38, 0, NULL, 'BPS', NULL, '2025-11-06 12:36:40', '2025-11-06 12:36:40'),
(58, '2023', 6, 33, 178, 2, 51, 40.00, 229.20, 5.73, 0, NULL, 'BPS', NULL, '2025-11-06 12:41:14', '2025-11-06 12:41:14'),
(59, '2023', 6, 33, 188, 2, 51, 26.00, 328.30, 12.63, 0, NULL, 'BPS', NULL, '2025-11-06 12:41:14', '2025-11-06 12:41:14'),
(60, '2023', 6, 33, 176, 2, 51, 31.00, 478.30, 15.43, 0, NULL, 'BPS', NULL, '2025-11-06 12:41:14', '2025-11-06 12:41:14'),
(61, '2023', 6, 33, 181, 2, 51, 45.00, 380.30, 8.45, 0, NULL, 'BPS', NULL, '2025-11-06 12:41:14', '2025-11-06 12:41:14'),
(62, '2023', 6, 33, 187, 2, 51, 29.00, 310.90, 10.72, 0, NULL, 'BPS', NULL, '2025-11-06 12:41:14', '2025-11-06 12:41:14'),
(63, '2023', 6, 33, 192, 2, 51, 43.00, 405.60, 9.43, 0, NULL, 'BPS', NULL, '2025-11-06 12:41:14', '2025-11-06 12:41:14'),
(64, '2023', 6, 33, 177, 2, 51, 28.00, 207.70, 7.42, 0, NULL, 'BPS', NULL, '2025-11-06 12:41:14', '2025-11-06 12:41:14'),
(65, '2023', 6, 33, 184, 2, 51, 30.00, 198.00, 6.60, 0, NULL, 'BPS', NULL, '2025-11-06 12:41:14', '2025-11-06 12:41:14'),
(66, '2023', 6, 33, 179, 2, 51, 44.00, 383.10, 8.71, 0, NULL, 'BPS', NULL, '2025-11-06 12:41:14', '2025-11-06 12:41:14'),
(67, '2023', 6, 33, 183, 2, 51, 39.00, 293.30, 7.52, 0, NULL, 'BPS', NULL, '2025-11-06 12:41:14', '2025-11-06 12:41:14'),
(68, '2023', 6, 33, 182, 2, 51, 37.00, 341.00, 9.22, 0, NULL, 'BPS', NULL, '2025-11-06 12:41:14', '2025-11-06 12:41:14'),
(69, '2023', 6, 33, 189, 2, 51, 33.00, 245.70, 7.45, 0, NULL, 'BPS', NULL, '2025-11-06 12:41:14', '2025-11-06 12:41:14'),
(70, '2023', 6, 33, 191, 2, 51, 25.00, 231.00, 9.24, 0, NULL, 'BPS', NULL, '2025-11-06 12:41:14', '2025-11-06 12:41:14'),
(71, '2023', 6, 33, 174, 2, 51, 45.00, 348.80, 7.75, 0, NULL, 'BPS', NULL, '2025-11-06 12:41:14', '2025-11-06 12:41:14'),
(72, '2023', 6, 33, 185, 2, 51, 49.00, 434.20, 8.86, 0, NULL, 'BPS', NULL, '2025-11-06 12:41:14', '2025-11-06 12:41:14'),
(73, '2023', 6, 33, 175, 2, 51, 32.00, 261.00, 8.16, 0, NULL, 'BPS', NULL, '2025-11-06 12:41:14', '2025-11-06 12:41:14'),
(74, '2023', 6, 33, 180, 2, 51, 43.00, 347.90, 8.09, 0, NULL, 'BPS', NULL, '2025-11-06 12:41:14', '2025-11-06 12:41:14'),
(75, '2023', 6, 33, 190, 2, 51, 35.00, 313.50, 8.96, 0, NULL, 'BPS', NULL, '2025-11-06 12:41:14', '2025-11-06 12:41:14'),
(76, '2023', 6, 33, 178, 2, 97, 0.00, 11.70, NULL, 0, NULL, 'BPS', NULL, '2025-11-06 12:45:45', '2025-11-06 12:45:45'),
(77, '2023', 6, 33, 188, 2, 97, 0.00, 10.80, NULL, 0, NULL, 'BPS', NULL, '2025-11-06 12:45:45', '2025-11-06 12:45:45'),
(80, '2023', 6, 33, 187, 2, 97, 0.00, 0.20, NULL, 0, NULL, 'BPS', NULL, '2025-11-06 12:45:45', '2025-11-06 12:45:45'),
(81, '2023', 6, 33, 192, 2, 97, 0.00, 0.40, NULL, 0, NULL, 'BPS', NULL, '2025-11-06 12:45:45', '2025-11-06 12:45:45'),
(82, '2023', 6, 33, 177, 2, 97, 0.00, 0.50, NULL, 0, NULL, 'BPS', NULL, '2025-11-06 12:45:45', '2025-11-06 12:45:45'),
(83, '2023', 6, 33, 184, 2, 97, 0.00, 8.00, NULL, 0, NULL, 'BPS', NULL, '2025-11-06 12:45:45', '2025-11-06 12:45:45'),
(86, '2023', 6, 33, 182, 2, 97, 0.00, 262.80, NULL, 0, NULL, 'BPS', NULL, '2025-11-06 12:45:45', '2025-11-06 12:45:45'),
(87, '2023', 6, 33, 189, 2, 97, 0.00, 0.10, NULL, 0, NULL, 'BPS', NULL, '2025-11-06 12:45:45', '2025-11-06 12:45:45'),
(88, '2023', 6, 33, 191, 2, 97, 0.00, 6.90, NULL, 0, NULL, 'BPS', NULL, '2025-11-06 12:45:45', '2025-11-06 12:45:45'),
(89, '2023', 6, 33, 174, 2, 97, 0.00, 1.20, NULL, 0, NULL, 'BPS', NULL, '2025-11-06 12:45:45', '2025-11-06 12:45:45'),
(91, '2023', 6, 33, 175, 2, 97, 0.00, 5.80, NULL, 0, NULL, 'BPS', NULL, '2025-11-06 12:45:45', '2025-11-06 12:45:45'),
(93, '2023', 6, 33, 190, 2, 97, 0.00, 5.00, NULL, 0, NULL, 'BPS', NULL, '2025-11-06 12:45:45', '2025-11-06 12:45:45'),
(95, '2023', 6, 33, 188, 2, 59, 0.00, 48.70, NULL, 0, NULL, 'BPS', NULL, '2025-11-06 12:48:43', '2025-11-06 12:48:43'),
(104, '2023', 6, 33, 182, 2, 59, 0.00, 3.90, NULL, 0, NULL, 'BPS', NULL, '2025-11-06 12:48:43', '2025-11-06 12:48:43'),
(105, '2023', 6, 33, 189, 2, 59, 0.00, 1.60, NULL, 0, NULL, 'BPS', NULL, '2025-11-06 12:48:43', '2025-11-06 12:48:43'),
(106, '2023', 6, 33, 191, 2, 59, 0.00, 32.00, NULL, 0, NULL, 'BPS', NULL, '2025-11-06 12:48:43', '2025-11-06 12:48:43'),
(107, '2023', 6, 33, 174, 2, 59, 0.00, 1.20, NULL, 0, NULL, 'BPS', NULL, '2025-11-06 12:48:43', '2025-11-06 12:48:43'),
(109, '2023', 6, 33, 175, 2, 59, 0.00, 6.60, NULL, 0, NULL, 'BPS', NULL, '2025-11-06 12:48:43', '2025-11-06 12:48:43'),
(110, '2023', 6, 33, 180, 2, 59, 0.00, 20.20, NULL, 0, NULL, 'BPS', NULL, '2025-11-06 12:48:43', '2025-11-06 12:48:43'),
(112, '2023', 6, 33, 178, 2, 115, 0.00, 0.20, NULL, 0, NULL, 'BPS', NULL, '2025-11-06 12:49:40', '2025-11-06 12:49:40'),
(115, '2023', 6, 33, 181, 2, 115, 0.00, 22.70, NULL, 0, NULL, 'BPS', NULL, '2025-11-06 12:49:40', '2025-11-06 12:49:40'),
(116, '2023', 6, 33, 187, 2, 115, 0.00, 18.80, NULL, 0, NULL, 'BPS', NULL, '2025-11-06 12:49:40', '2025-11-06 12:49:40'),
(117, '2023', 6, 33, 192, 2, 115, 0.00, 37.60, NULL, 0, NULL, 'BPS', NULL, '2025-11-06 12:49:40', '2025-11-06 12:49:40'),
(118, '2023', 6, 33, 177, 2, 115, 0.00, 129.50, NULL, 0, NULL, 'BPS', NULL, '2025-11-06 12:49:40', '2025-11-06 12:49:40'),
(119, '2023', 6, 33, 184, 2, 115, 0.00, 454.20, NULL, 0, NULL, 'BPS', NULL, '2025-11-06 12:49:40', '2025-11-06 12:49:40'),
(120, '2023', 6, 33, 179, 2, 115, 0.00, 229.10, NULL, 0, NULL, 'BPS', NULL, '2025-11-06 12:49:40', '2025-11-06 12:49:40'),
(121, '2023', 6, 33, 183, 2, 115, 0.00, 12.70, NULL, 0, NULL, 'BPS', NULL, '2025-11-06 12:49:40', '2025-11-06 12:49:40'),
(122, '2023', 6, 33, 182, 2, 115, 0.00, 20.50, NULL, 0, NULL, 'BPS', NULL, '2025-11-06 12:49:40', '2025-11-06 12:49:40'),
(123, '2023', 6, 33, 189, 2, 115, 0.00, 8.90, NULL, 0, NULL, 'BPS', NULL, '2025-11-06 12:49:40', '2025-11-06 12:49:40'),
(124, '2023', 6, 33, 191, 2, 115, 0.00, 56.70, NULL, 0, NULL, 'BPS', NULL, '2025-11-06 12:49:40', '2025-11-06 12:49:40'),
(125, '2023', 6, 33, 174, 2, 115, 0.00, 0.70, NULL, 0, NULL, 'BPS', NULL, '2025-11-06 12:49:40', '2025-11-06 12:49:40'),
(126, '2023', 6, 33, 185, 2, 115, 0.00, 3.00, NULL, 0, NULL, 'BPS', NULL, '2025-11-06 12:49:40', '2025-11-06 12:49:40'),
(127, '2023', 6, 33, 175, 2, 115, 0.00, 15.00, NULL, 0, NULL, 'BPS', NULL, '2025-11-06 12:49:40', '2025-11-06 12:49:40'),
(128, '2023', 6, 33, 180, 2, 115, 0.00, 23.80, NULL, 0, NULL, 'BPS', NULL, '2025-11-06 12:49:40', '2025-11-06 12:49:40'),
(129, '2023', 6, 33, 190, 2, 115, 0.00, 7.90, NULL, 0, NULL, 'BPS', NULL, '2025-11-06 12:49:40', '2025-11-06 12:49:40'),
(133, '2023', 6, 33, 181, 2, 111, 0.00, 5.10, NULL, 0, NULL, 'BPS', NULL, '2025-11-06 12:50:49', '2025-11-06 12:50:49'),
(134, '2023', 6, 33, 187, 2, 111, 0.00, 3.80, NULL, 0, NULL, 'BPS', NULL, '2025-11-06 12:50:49', '2025-11-06 12:50:49'),
(136, '2023', 6, 33, 177, 2, 111, 0.00, 26.80, NULL, 0, NULL, 'BPS', NULL, '2025-11-06 12:50:49', '2025-11-06 12:50:49'),
(137, '2023', 6, 33, 184, 2, 111, 0.00, 9.10, NULL, 0, NULL, 'BPS', NULL, '2025-11-06 12:50:49', '2025-11-06 12:50:49'),
(138, '2023', 6, 33, 179, 2, 111, 0.00, 6.70, NULL, 0, NULL, 'BPS', NULL, '2025-11-06 12:50:49', '2025-11-06 12:50:49'),
(139, '2023', 6, 33, 183, 2, 111, 0.00, 1.70, NULL, 0, NULL, 'BPS', NULL, '2025-11-06 12:50:49', '2025-11-06 12:50:49'),
(140, '2023', 6, 33, 182, 2, 111, 0.00, 99.80, NULL, 0, NULL, 'BPS', NULL, '2025-11-06 12:50:49', '2025-11-06 12:50:49'),
(141, '2023', 6, 33, 189, 2, 111, 0.00, 1.50, NULL, 0, NULL, 'BPS', NULL, '2025-11-06 12:50:49', '2025-11-06 12:50:49'),
(142, '2023', 6, 33, 191, 2, 111, 0.00, 5.80, NULL, 0, NULL, 'BPS', NULL, '2025-11-06 12:50:49', '2025-11-06 12:50:49'),
(143, '2023', 6, 33, 174, 2, 111, 0.00, 8.30, NULL, 0, NULL, 'BPS', NULL, '2025-11-06 12:50:49', '2025-11-06 12:50:49'),
(144, '2023', 6, 33, 185, 2, 111, 0.00, 1.60, NULL, 0, NULL, 'BPS', NULL, '2025-11-06 12:50:49', '2025-11-06 12:50:49'),
(145, '2023', 6, 33, 175, 2, 111, 0.00, 9.70, NULL, 0, NULL, 'BPS', NULL, '2025-11-06 12:50:49', '2025-11-06 12:50:49'),
(150, '2023', 6, 33, 176, 2, 107, 0.00, 6.50, NULL, 0, NULL, 'BPS', NULL, '2025-11-06 12:53:36', '2025-11-06 12:53:36'),
(151, '2023', 6, 33, 181, 2, 107, 0.00, 7.70, NULL, 0, NULL, 'BPS', NULL, '2025-11-06 12:53:36', '2025-11-06 12:53:36'),
(152, '2023', 6, 33, 187, 2, 107, 0.00, 0.50, NULL, 0, NULL, 'BPS', NULL, '2025-11-06 12:53:36', '2025-11-06 12:53:36'),
(153, '2023', 6, 33, 192, 2, 107, 0.00, 0.40, NULL, 0, NULL, 'BPS', NULL, '2025-11-06 12:53:36', '2025-11-06 12:53:36'),
(154, '2023', 6, 33, 177, 2, 107, 0.00, 13.40, NULL, 0, NULL, 'BPS', NULL, '2025-11-06 12:53:36', '2025-11-06 12:53:36'),
(155, '2023', 6, 33, 184, 2, 107, 0.00, 1.30, NULL, 0, NULL, 'BPS', NULL, '2025-11-06 12:53:36', '2025-11-06 12:53:36'),
(156, '2023', 6, 33, 179, 2, 107, 0.00, 0.20, NULL, 0, NULL, 'BPS', NULL, '2025-11-06 12:53:36', '2025-11-06 12:53:36'),
(157, '2023', 6, 33, 183, 2, 107, 0.00, 0.90, NULL, 0, NULL, 'BPS', NULL, '2025-11-06 12:53:36', '2025-11-06 12:53:36'),
(160, '2023', 6, 33, 191, 2, 107, 0.00, 0.10, NULL, 0, NULL, 'BPS', NULL, '2025-11-06 12:53:36', '2025-11-06 12:53:36'),
(162, '2023', 6, 33, 185, 2, 107, 0.00, 1.10, NULL, 0, NULL, 'BPS', NULL, '2025-11-06 12:53:36', '2025-11-06 12:53:36'),
(163, '2023', 6, 33, 175, 2, 107, 0.00, 2.70, NULL, 0, NULL, 'BPS', NULL, '2025-11-06 12:53:36', '2025-11-06 12:53:36'),
(164, '2023', 6, 33, 180, 2, 107, 0.00, 0.90, NULL, 0, NULL, 'BPS', NULL, '2025-11-06 12:53:36', '2025-11-06 12:53:36'),
(165, '2023', 6, 33, 190, 2, 107, 0.00, 0.90, NULL, 0, NULL, 'BPS', NULL, '2025-11-06 12:53:36', '2025-11-06 12:53:36'),
(167, '2023', 6, 33, 188, 2, 106, 0.00, 1.40, NULL, 0, NULL, 'BPS', NULL, '2025-11-06 12:54:27', '2025-11-06 12:54:27'),
(168, '2023', 6, 33, 176, 2, 106, 0.00, 0.10, NULL, 0, NULL, 'BPS', NULL, '2025-11-06 12:54:27', '2025-11-06 12:54:27'),
(169, '2023', 6, 33, 181, 2, 106, 0.00, 0.20, NULL, 0, NULL, 'BPS', NULL, '2025-11-06 12:54:27', '2025-11-06 12:54:27'),
(172, '2023', 6, 33, 177, 2, 106, 0.00, 3.80, NULL, 0, NULL, 'BPS', NULL, '2025-11-06 12:54:27', '2025-11-06 12:54:27'),
(173, '2023', 6, 33, 184, 2, 106, 0.00, 1.80, NULL, 0, NULL, 'BPS', NULL, '2025-11-06 12:54:27', '2025-11-06 12:54:27'),
(174, '2023', 6, 33, 179, 2, 106, 0.00, 0.10, NULL, 0, NULL, 'BPS', NULL, '2025-11-06 12:54:27', '2025-11-06 12:54:27'),
(180, '2023', 6, 33, 185, 2, 106, 0.00, 0.10, NULL, 0, NULL, 'BPS', NULL, '2025-11-06 12:54:27', '2025-11-06 12:54:27'),
(181, '2023', 6, 33, 175, 2, 106, 0.00, 1.30, NULL, 0, NULL, 'BPS', NULL, '2025-11-06 12:54:27', '2025-11-06 12:54:27'),
(182, '2023', 6, 33, 180, 2, 106, 0.00, 0.30, NULL, 0, NULL, 'BPS', NULL, '2025-11-06 12:54:27', '2025-11-06 12:54:27'),
(184, '2023', 6, 33, 177, 2, 113, 1.00, 32.00, 32.00, 0, NULL, 'BPS', NULL, '2025-11-06 12:56:30', '2025-11-06 12:56:30'),
(185, '2023', 6, 33, 187, 2, 75, 0.00, 10.00, NULL, 0, NULL, 'BPS', NULL, '2025-11-06 12:57:19', '2025-11-06 12:57:19'),
(186, '2023', 6, 33, 182, 2, 75, 0.00, 86.00, NULL, 0, NULL, 'BPS', NULL, '2025-11-06 12:57:48', '2025-11-06 12:57:48'),
(187, '2023', 6, 33, 178, 3, 149, 421.25, 570.73, 1.35, 0, NULL, 'BPS', NULL, '2025-11-06 12:59:07', '2025-11-06 12:59:07'),
(188, '2023', 6, 33, 188, 3, 149, 998.00, 996.63, 1.00, 0, NULL, 'BPS', NULL, '2025-11-06 12:59:07', '2025-11-06 12:59:07'),
(189, '2023', 6, 33, 176, 3, 149, 946.25, 717.36, 0.76, 0, NULL, 'BPS', NULL, '2025-11-06 12:59:07', '2025-11-06 12:59:07'),
(190, '2023', 6, 33, 181, 3, 149, 4652.00, 5013.26, 1.08, 0, NULL, 'BPS', NULL, '2025-11-06 12:59:07', '2025-11-06 12:59:07'),
(191, '2023', 6, 33, 187, 3, 149, 972.88, 1075.76, 1.11, 0, NULL, 'BPS', NULL, '2025-11-06 12:59:07', '2025-11-06 12:59:07'),
(192, '2023', 6, 33, 192, 3, 149, 279.68, 269.18, 0.96, 0, NULL, 'BPS', NULL, '2025-11-06 12:59:07', '2025-11-06 12:59:07'),
(193, '2023', 6, 33, 177, 3, 149, 2817.42, 2951.77, 1.05, 0, NULL, 'BPS', NULL, '2025-11-06 12:59:07', '2025-11-06 12:59:07'),
(194, '2023', 6, 33, 184, 3, 149, 3449.62, 4151.60, 1.20, 0, NULL, 'BPS', NULL, '2025-11-06 12:59:07', '2025-11-06 12:59:07'),
(195, '2023', 6, 33, 179, 3, 149, 801.73, 962.11, 1.20, 0, NULL, 'BPS', NULL, '2025-11-06 12:59:07', '2025-11-06 12:59:07'),
(196, '2023', 6, 33, 183, 3, 149, 144.83, 191.08, 1.32, 0, NULL, 'BPS', NULL, '2025-11-06 12:59:07', '2025-11-06 12:59:07'),
(197, '2023', 6, 33, 182, 3, 149, 849.25, 572.47, 0.67, 0, NULL, 'BPS', NULL, '2025-11-06 12:59:07', '2025-11-06 12:59:07'),
(198, '2023', 6, 33, 189, 3, 149, 1242.80, 528.00, 0.42, 0, NULL, 'BPS', NULL, '2025-11-06 12:59:07', '2025-11-06 12:59:07'),
(199, '2023', 6, 33, 191, 3, 149, 577.00, 466.05, 0.81, 0, NULL, 'BPS', NULL, '2025-11-06 12:59:07', '2025-11-06 12:59:07'),
(200, '2023', 6, 33, 174, 3, 149, 949.80, 1131.43, 1.19, 0, NULL, 'BPS', NULL, '2025-11-06 12:59:07', '2025-11-06 12:59:07'),
(201, '2023', 6, 33, 185, 3, 149, 1261.90, 1543.69, 1.22, 0, NULL, 'BPS', NULL, '2025-11-06 12:59:07', '2025-11-06 12:59:07'),
(202, '2023', 6, 33, 175, 3, 149, 264.54, 360.25, 1.36, 0, NULL, 'BPS', NULL, '2025-11-06 12:59:07', '2025-11-06 12:59:07'),
(203, '2023', 6, 33, 180, 3, 149, 432.13, 493.30, 1.14, 0, NULL, 'BPS', NULL, '2025-11-06 12:59:07', '2025-11-06 12:59:07'),
(204, '2023', 6, 33, 190, 3, 149, 106.83, 146.02, 1.37, 0, NULL, 'BPS', NULL, '2025-11-06 12:59:07', '2025-11-06 12:59:07'),
(205, '2023', 6, 33, 178, 3, 152, 2.25, 0.46, 0.20, 0, NULL, 'BPS', NULL, '2025-11-06 13:00:29', '2025-11-06 13:00:29'),
(206, '2023', 6, 33, 188, 3, 152, 13.25, 0.23, 0.02, 0, NULL, 'BPS', NULL, '2025-11-06 13:00:29', '2025-11-06 13:00:29'),
(207, '2023', 6, 33, 176, 3, 152, 1.50, 0.06, 0.04, 0, NULL, 'BPS', NULL, '2025-11-06 13:00:29', '2025-11-06 13:00:29'),
(208, '2023', 6, 33, 181, 3, 152, 95.15, 19.52, 0.21, 0, NULL, 'BPS', NULL, '2025-11-06 13:00:29', '2025-11-06 13:00:29'),
(211, '2023', 6, 33, 177, 3, 152, 13.40, 0.29, 0.02, 0, NULL, 'BPS', NULL, '2025-11-06 13:00:29', '2025-11-06 13:00:29'),
(212, '2023', 6, 33, 184, 3, 152, 24.20, 2.78, 0.11, 0, NULL, 'BPS', NULL, '2025-11-06 13:00:29', '2025-11-06 13:00:29'),
(213, '2023', 6, 33, 179, 3, 152, 18.25, 3.94, 0.22, 0, NULL, 'BPS', NULL, '2025-11-06 13:00:29', '2025-11-06 13:00:29'),
(215, '2023', 6, 33, 182, 3, 152, 2.00, 0.46, 0.23, 0, NULL, 'BPS', NULL, '2025-11-06 13:00:29', '2025-11-06 13:00:29'),
(218, '2023', 6, 33, 174, 3, 152, 4.00, 0.93, 0.23, 0, NULL, 'BPS', NULL, '2025-11-06 13:00:29', '2025-11-06 13:00:29'),
(219, '2023', 6, 33, 185, 3, 152, 23.00, 3.02, 0.13, 0, NULL, 'BPS', NULL, '2025-11-06 13:00:29', '2025-11-06 13:00:29'),
(220, '2023', 6, 33, 175, 3, 152, 46.45, 5.19, 0.11, 0, NULL, 'BPS', NULL, '2025-11-06 13:00:29', '2025-11-06 13:00:29'),
(221, '2023', 6, 33, 180, 3, 152, 17.85, 2.55, 0.14, 0, NULL, 'BPS', NULL, '2025-11-06 13:00:29', '2025-11-06 13:00:29'),
(223, '2023', 6, 33, 178, 3, 146, 21.00, 10.43, 0.50, 0, NULL, 'BPS', NULL, '2025-11-06 13:01:49', '2025-11-06 13:01:49'),
(224, '2023', 6, 33, 188, 3, 146, 119.00, 39.53, 0.33, 0, NULL, 'BPS', NULL, '2025-11-06 13:01:49', '2025-11-06 13:01:49'),
(225, '2023', 6, 33, 176, 3, 146, 92.00, 18.67, 0.20, 0, NULL, 'BPS', NULL, '2025-11-06 13:01:49', '2025-11-06 13:01:49'),
(226, '2023', 6, 33, 181, 3, 146, 199.00, 37.88, 0.19, 0, NULL, 'BPS', NULL, '2025-11-06 13:01:49', '2025-11-06 13:01:49'),
(227, '2023', 6, 33, 187, 3, 146, 68.00, 10.98, 0.16, 0, NULL, 'BPS', NULL, '2025-11-06 13:01:49', '2025-11-06 13:01:49'),
(229, '2023', 6, 33, 177, 3, 146, 39.50, 14.82, 0.38, 0, NULL, 'BPS', NULL, '2025-11-06 13:01:49', '2025-11-06 13:01:49'),
(230, '2023', 6, 33, 184, 3, 146, 112.30, 31.29, 0.28, 0, NULL, 'BPS', NULL, '2025-11-06 13:01:49', '2025-11-06 13:01:49'),
(231, '2023', 6, 33, 179, 3, 146, 67.50, 21.69, 0.32, 0, NULL, 'BPS', NULL, '2025-11-06 13:01:49', '2025-11-06 13:01:49'),
(233, '2023', 6, 33, 182, 3, 146, 142.00, 44.47, 0.31, 0, NULL, 'BPS', NULL, '2025-11-06 13:01:49', '2025-11-06 13:01:49'),
(234, '2023', 6, 33, 189, 3, 146, 169.19, 51.71, 0.31, 0, NULL, 'BPS', NULL, '2025-11-06 13:01:49', '2025-11-06 13:01:49'),
(235, '2023', 6, 33, 191, 3, 146, 39.50, 5.22, 0.13, 0, NULL, 'BPS', NULL, '2025-11-06 13:01:49', '2025-11-06 13:01:49'),
(236, '2023', 6, 33, 174, 3, 146, 65.85, 14.74, 0.22, 0, NULL, 'BPS', NULL, '2025-11-06 13:01:49', '2025-11-06 13:01:49'),
(237, '2023', 6, 33, 185, 3, 146, 76.25, 12.35, 0.16, 0, NULL, 'BPS', NULL, '2025-11-06 13:01:49', '2025-11-06 13:01:49'),
(238, '2023', 6, 33, 175, 3, 146, 136.70, 27.72, 0.20, 0, NULL, 'BPS', NULL, '2025-11-06 13:01:49', '2025-11-06 13:01:49'),
(239, '2023', 6, 33, 180, 3, 146, 109.00, 25.25, 0.23, 0, NULL, 'BPS', NULL, '2025-11-06 13:01:49', '2025-11-06 13:01:49'),
(248, '2023', 6, 33, 184, 3, 158, 56.36, 4508.80, 80.00, 0, NULL, 'BPS', NULL, '2025-11-06 13:02:46', '2025-11-06 13:02:46'),
(249, '2023', 6, 33, 179, 3, 158, 145.03, 11602.40, 80.00, 0, NULL, 'BPS', NULL, '2025-11-06 13:02:46', '2025-11-06 13:02:46'),
(251, '2023', 6, 33, 182, 3, 158, 198.90, 15912.00, 80.00, 0, NULL, 'BPS', NULL, '2025-11-06 13:02:46', '2025-11-06 13:02:46'),
(252, '2023', 6, 33, 189, 3, 158, 33.31, 2664.80, 80.00, 0, NULL, 'BPS', NULL, '2025-11-06 13:02:46', '2025-11-06 13:02:46'),
(262, '2023', 6, 33, 181, 3, 147, 21.10, 3.15, 0.15, 0, NULL, 'BPS', NULL, '2025-11-06 13:03:42', '2025-11-06 13:03:42'),
(265, '2023', 6, 33, 177, 3, 147, 2.00, 0.00, NULL, 0, NULL, 'BPS', NULL, '2025-11-06 13:03:42', '2025-11-06 13:03:42'),
(267, '2023', 6, 33, 179, 3, 147, 47.00, 7.10, 0.15, 0, NULL, 'BPS', NULL, '2025-11-06 13:03:42', '2025-11-06 13:03:42'),
(272, '2023', 6, 33, 174, 3, 147, 19.90, 2.62, 0.13, 0, NULL, 'BPS', NULL, '2025-11-06 13:03:42', '2025-11-06 13:03:42'),
(273, '2023', 6, 33, 185, 3, 147, 18.50, 1.24, 0.07, 0, NULL, 'BPS', NULL, '2025-11-06 13:03:42', '2025-11-06 13:03:42'),
(275, '2023', 6, 33, 180, 3, 147, 12.50, 1.07, 0.09, 0, NULL, 'BPS', NULL, '2025-11-06 13:03:42', '2025-11-06 13:03:42'),
(277, '2023', 6, 33, 178, 3, 144, 366.07, 0.46, 0.00, 0, NULL, 'BPS', NULL, '2025-11-06 13:04:20', '2025-11-06 13:04:20'),
(278, '2023', 6, 33, 188, 3, 144, 677.05, 25.77, 0.04, 0, NULL, 'BPS', NULL, '2025-11-06 13:04:20', '2025-11-06 13:04:20'),
(279, '2023', 6, 33, 176, 3, 144, 153.50, 1.77, 0.01, 0, NULL, 'BPS', NULL, '2025-11-06 13:04:20', '2025-11-06 13:04:20'),
(280, '2023', 6, 33, 181, 3, 144, 288.55, 18.44, 0.06, 0, NULL, 'BPS', NULL, '2025-11-06 13:04:20', '2025-11-06 13:04:20'),
(281, '2023', 6, 33, 187, 3, 144, 100.00, 0.00, NULL, 0, NULL, 'BPS', NULL, '2025-11-06 13:04:20', '2025-11-06 13:04:20'),
(282, '2023', 6, 33, 192, 3, 144, 144.50, 0.71, 0.00, 0, NULL, 'BPS', NULL, '2025-11-06 13:04:20', '2025-11-06 13:04:20'),
(283, '2023', 6, 33, 177, 3, 144, 123.70, 5.30, 0.04, 0, NULL, 'BPS', NULL, '2025-11-06 13:04:20', '2025-11-06 13:04:20'),
(284, '2023', 6, 33, 184, 3, 144, 75.00, 3.53, 0.05, 0, NULL, 'BPS', NULL, '2025-11-06 13:04:20', '2025-11-06 13:04:20'),
(285, '2023', 6, 33, 179, 3, 144, 24.50, 4.24, 0.17, 0, NULL, 'BPS', NULL, '2025-11-06 13:04:20', '2025-11-06 13:04:20'),
(287, '2023', 6, 33, 182, 3, 144, 128.00, 0.00, NULL, 0, NULL, 'BPS', NULL, '2025-11-06 13:04:20', '2025-11-06 13:04:20'),
(288, '2023', 6, 33, 189, 3, 144, 296.00, 0.00, NULL, 0, NULL, 'BPS', NULL, '2025-11-06 13:04:20', '2025-11-06 13:04:20'),
(289, '2023', 6, 33, 191, 3, 144, 209.00, 0.00, NULL, 0, NULL, 'BPS', NULL, '2025-11-06 13:04:20', '2025-11-06 13:04:20'),
(291, '2023', 6, 33, 185, 3, 144, 277.30, 35.85, 0.13, 0, NULL, 'BPS', NULL, '2025-11-06 13:04:20', '2025-11-06 13:04:20'),
(292, '2023', 6, 33, 175, 3, 144, 928.50, 106.15, 0.11, 0, NULL, 'BPS', NULL, '2025-11-06 13:04:20', '2025-11-06 13:04:20'),
(293, '2023', 6, 33, 180, 3, 144, 1030.33, 77.73, 0.08, 0, NULL, 'BPS', NULL, '2025-11-06 13:04:20', '2025-11-06 13:04:20'),
(295, '2023', 6, 33, 178, 3, 145, 16.10, 1.23, 0.08, 0, NULL, 'BPS', NULL, '2025-11-06 13:04:52', '2025-11-06 13:04:52'),
(296, '2023', 6, 33, 188, 3, 145, 44.90, 2.02, 0.04, 0, NULL, 'BPS', NULL, '2025-11-06 13:04:52', '2025-11-06 13:04:52'),
(297, '2023', 6, 33, 176, 3, 145, 8.00, 0.67, 0.08, 0, NULL, 'BPS', NULL, '2025-11-06 13:04:52', '2025-11-06 13:04:52'),
(298, '2023', 6, 33, 181, 3, 145, 106.00, 5.52, 0.05, 0, NULL, 'BPS', NULL, '2025-11-06 13:04:52', '2025-11-06 13:04:52'),
(301, '2023', 6, 33, 177, 3, 145, 124.00, 6.27, 0.05, 0, NULL, 'BPS', NULL, '2025-11-06 13:04:52', '2025-11-06 13:04:52'),
(302, '2023', 6, 33, 184, 3, 145, 25.00, 1.12, 0.04, 0, NULL, 'BPS', NULL, '2025-11-06 13:04:52', '2025-11-06 13:04:52'),
(303, '2023', 6, 33, 179, 3, 145, 165.70, 17.55, 0.11, 0, NULL, 'BPS', NULL, '2025-11-06 13:04:52', '2025-11-06 13:04:52'),
(305, '2023', 6, 33, 182, 3, 145, 143.60, 13.78, 0.10, 0, NULL, 'BPS', NULL, '2025-11-06 13:04:52', '2025-11-06 13:04:52'),
(307, '2023', 6, 33, 191, 3, 145, 1.00, 0.00, NULL, 0, NULL, 'BPS', NULL, '2025-11-06 13:04:52', '2025-11-06 13:04:52'),
(308, '2023', 6, 33, 174, 3, 145, 92.20, 6.50, 0.07, 0, NULL, 'BPS', NULL, '2025-11-06 13:04:52', '2025-11-06 13:04:52'),
(309, '2023', 6, 33, 185, 3, 145, 43.50, 4.09, 0.09, 0, NULL, 'BPS', NULL, '2025-11-06 13:04:52', '2025-11-06 13:04:52'),
(310, '2023', 6, 33, 175, 3, 145, 42.00, 4.65, 0.11, 0, NULL, 'BPS', NULL, '2025-11-06 13:04:52', '2025-11-06 13:04:52'),
(311, '2023', 6, 33, 180, 3, 145, 64.00, 6.50, 0.10, 0, NULL, 'BPS', NULL, '2025-11-06 13:04:52', '2025-11-06 13:04:52'),
(313, '2023', 6, 33, 178, 3, 143, 16.80, 0.41, 0.02, 0, NULL, 'BPS', NULL, '2025-11-06 13:05:41', '2025-11-06 13:05:41'),
(314, '2023', 6, 33, 188, 3, 143, 4.00, 0.11, 0.03, 0, NULL, 'BPS', NULL, '2025-11-06 13:05:41', '2025-11-06 13:05:41'),
(315, '2023', 6, 33, 176, 3, 143, 31.50, 1.18, 0.04, 0, NULL, 'BPS', NULL, '2025-11-06 13:05:41', '2025-11-06 13:05:41'),
(316, '2023', 6, 33, 181, 3, 143, 22.20, 0.71, 0.03, 0, NULL, 'BPS', NULL, '2025-11-06 13:05:41', '2025-11-06 13:05:41'),
(319, '2023', 6, 33, 177, 3, 143, 18.25, 0.76, 0.04, 0, NULL, 'BPS', NULL, '2025-11-06 13:05:41', '2025-11-06 13:05:41'),
(320, '2023', 6, 33, 184, 3, 143, 23.75, 0.91, 0.04, 0, NULL, 'BPS', NULL, '2025-11-06 13:05:41', '2025-11-06 13:05:41'),
(326, '2023', 6, 33, 174, 3, 143, 21.00, 0.39, 0.02, 0, NULL, 'BPS', NULL, '2025-11-06 13:05:41', '2025-11-06 13:05:41'),
(327, '2023', 6, 33, 185, 3, 143, 18.50, 0.50, 0.03, 0, NULL, 'BPS', NULL, '2025-11-06 13:05:41', '2025-11-06 13:05:41'),
(328, '2023', 6, 33, 175, 3, 143, 41.75, 1.67, 0.04, 0, NULL, 'BPS', NULL, '2025-11-06 13:05:41', '2025-11-06 13:05:41'),
(329, '2023', 6, 33, 180, 3, 143, 66.25, 2.16, 0.03, 0, NULL, 'BPS', NULL, '2025-11-06 13:05:41', '2025-11-06 13:05:41'),
(335, '2023', 7, 39, 253, 2, 40, 1.50, 13.50, 9.00, 0, NULL, 'BPS', NULL, '2025-11-06 13:26:58', '2025-11-06 13:26:58'),
(340, '2023', 7, 39, 263, 2, 40, 8.50, 76.50, 9.00, 0, NULL, 'BPS', NULL, '2025-11-06 13:26:58', '2025-11-06 13:26:58'),
(341, '2023', 7, 39, 264, 2, 40, 1.00, 9.00, 9.00, 0, NULL, 'BPS', NULL, '2025-11-06 13:26:58', '2025-11-06 13:26:58'),
(342, '2023', 7, 39, 251, 2, 40, 5.12, 46.08, 9.00, 0, NULL, 'BPS', NULL, '2025-11-06 13:26:58', '2025-11-06 13:26:58'),
(343, '2023', 7, 39, 262, 2, 40, 0.25, 2.25, 9.00, 0, NULL, 'BPS', NULL, '2025-11-06 13:26:58', '2025-11-06 13:26:58'),
(347, '2023', 7, 39, 258, 2, 40, 4.00, 36.00, 9.00, 0, NULL, 'BPS', NULL, '2025-11-06 13:26:58', '2025-11-06 13:26:58'),
(348, '2023', 7, 39, 252, 2, 40, 0.75, 6.75, 9.00, 0, NULL, 'BPS', NULL, '2025-11-06 13:26:58', '2025-11-06 13:26:58'),
(349, '2023', 7, 39, 259, 2, 40, 6.00, 54.00, 9.00, 0, NULL, 'BPS', NULL, '2025-11-06 13:26:58', '2025-11-06 13:26:58'),
(350, '2023', 7, 39, 260, 2, 40, 6.00, 54.00, 9.00, 0, NULL, 'BPS', NULL, '2025-11-06 13:28:55', '2025-11-06 13:28:55'),
(351, '2023', 7, 39, 254, 2, 51, 5.00, 32.00, 6.40, 0, NULL, 'BPS', NULL, '2025-11-06 13:30:45', '2025-11-06 13:30:45'),
(353, '2023', 7, 39, 269, 2, 51, 3.00, 19.20, 6.40, 0, NULL, 'BPS', NULL, '2025-11-06 13:30:45', '2025-11-06 13:30:45'),
(354, '2023', 7, 39, 270, 2, 51, 2.75, 17.60, 6.40, 0, NULL, 'BPS', NULL, '2025-11-06 13:30:45', '2025-11-06 13:30:45'),
(355, '2023', 7, 39, 253, 2, 51, 4.50, 28.80, 6.40, 0, NULL, 'BPS', NULL, '2025-11-06 13:30:45', '2025-11-06 13:30:45'),
(359, '2023', 7, 39, 261, 2, 51, 13.51, 86.46, 6.40, 0, NULL, 'BPS', NULL, '2025-11-06 13:30:45', '2025-11-06 13:30:45'),
(360, '2023', 7, 39, 263, 2, 51, 3.25, 20.80, 6.40, 0, NULL, 'BPS', NULL, '2025-11-06 13:30:45', '2025-11-06 13:30:45'),
(361, '2023', 7, 39, 264, 2, 51, 34.01, 217.66, 6.40, 0, NULL, 'BPS', NULL, '2025-11-06 13:30:45', '2025-11-06 13:30:45'),
(362, '2023', 7, 39, 251, 2, 51, 14.85, 95.04, 6.40, 0, NULL, 'BPS', NULL, '2025-11-06 13:30:45', '2025-11-06 13:30:45'),
(363, '2023', 7, 39, 262, 2, 51, 15.00, 96.00, 6.40, 0, NULL, 'BPS', NULL, '2025-11-06 13:30:45', '2025-11-06 13:30:45'),
(364, '2023', 7, 39, 255, 2, 51, 114.50, 732.80, 6.40, 0, NULL, 'BPS', NULL, '2025-11-06 13:30:45', '2025-11-06 13:30:45'),
(365, '2023', 7, 39, 256, 2, 51, 22.95, 146.88, 6.40, 0, NULL, 'BPS', NULL, '2025-11-06 13:30:45', '2025-11-06 13:30:45'),
(366, '2023', 7, 39, 257, 2, 51, 10.75, 68.80, 6.40, 0, NULL, 'BPS', NULL, '2025-11-06 13:30:45', '2025-11-06 13:30:45'),
(367, '2023', 7, 39, 258, 2, 51, 8.00, 51.20, 6.40, 0, NULL, 'BPS', NULL, '2025-11-06 13:30:45', '2025-11-06 13:30:45'),
(368, '2023', 7, 39, 252, 2, 51, 1.50, 9.60, 6.40, 0, NULL, 'BPS', NULL, '2025-11-06 13:30:45', '2025-11-06 13:30:45'),
(369, '2023', 7, 39, 260, 2, 51, 15.00, 96.00, 6.40, 0, NULL, 'BPS', NULL, '2025-11-06 13:30:45', '2025-11-06 13:30:45'),
(370, '2023', 7, 39, 259, 2, 51, 14.00, 89.60, 6.40, 0, NULL, 'BPS', NULL, '2025-11-06 13:30:45', '2025-11-06 13:30:45'),
(374, '2023', 7, 39, 270, 2, 86, 0.00, 47.25, NULL, 0, NULL, 'BPS', NULL, '2025-11-06 13:32:01', '2025-11-06 13:32:01'),
(375, '2023', 7, 39, 253, 2, 86, 0.00, 9.45, NULL, 0, NULL, 'BPS', NULL, '2025-11-06 13:32:01', '2025-11-06 13:32:01'),
(379, '2023', 7, 39, 261, 2, 86, 0.00, 3.78, NULL, 0, NULL, 'BPS', NULL, '2025-11-06 13:32:01', '2025-11-06 13:32:01'),
(380, '2023', 7, 39, 263, 2, 86, 0.00, 63.00, NULL, 0, NULL, 'BPS', NULL, '2025-11-06 13:32:01', '2025-11-06 13:32:01'),
(381, '2023', 7, 39, 264, 2, 86, 5.50, 131.86, 23.97, 0, NULL, 'BPS', NULL, '2025-11-06 13:32:01', '2025-11-06 13:32:01'),
(382, '2023', 7, 39, 251, 2, 86, 5.50, 51.66, 9.39, 0, NULL, 'BPS', NULL, '2025-11-06 13:32:01', '2025-11-06 13:32:01'),
(383, '2023', 7, 39, 262, 2, 86, 0.00, 81.90, NULL, 0, NULL, 'BPS', NULL, '2025-11-06 13:32:01', '2025-11-06 13:32:01'),
(384, '2023', 7, 39, 255, 2, 86, 1.50, 292.95, 195.30, 0, NULL, 'BPS', NULL, '2025-11-06 13:32:01', '2025-11-06 13:32:01'),
(385, '2023', 7, 39, 256, 2, 86, 0.25, 61.43, 245.70, 0, NULL, 'BPS', NULL, '2025-11-06 13:32:01', '2025-11-06 13:32:01'),
(387, '2023', 7, 39, 258, 2, 86, 1.00, 56.70, 56.70, 0, NULL, 'BPS', NULL, '2025-11-06 13:32:01', '2025-11-06 13:32:01'),
(389, '2023', 7, 39, 260, 2, 86, 0.00, 100.80, NULL, 0, NULL, 'BPS', NULL, '2025-11-06 13:32:01', '2025-11-06 13:32:01'),
(390, '2023', 7, 39, 259, 2, 86, 0.00, 100.80, NULL, 0, NULL, 'BPS', NULL, '2025-11-06 13:32:01', '2025-11-06 13:32:01'),
(391, '2023', 7, 39, 254, 2, 113, 0.75, 6.75, 9.00, 0, NULL, 'BPS', NULL, '2025-11-06 13:33:28', '2025-11-06 13:33:28'),
(394, '2023', 7, 39, 270, 2, 113, 2.00, 18.00, 9.00, 0, NULL, 'BPS', NULL, '2025-11-06 13:33:28', '2025-11-06 13:33:28'),
(395, '2023', 7, 39, 253, 2, 113, 3.25, 29.25, 9.00, 0, NULL, 'BPS', NULL, '2025-11-06 13:33:28', '2025-11-06 13:33:28'),
(397, '2023', 7, 39, 266, 2, 113, 0.40, 3.60, 9.00, 0, NULL, 'BPS', NULL, '2025-11-06 13:33:28', '2025-11-06 13:33:28'),
(399, '2023', 7, 39, 261, 2, 113, 0.74, 6.66, 9.00, 0, NULL, 'BPS', NULL, '2025-11-06 13:33:28', '2025-11-06 13:33:28'),
(400, '2023', 7, 39, 263, 2, 113, 4.75, 42.75, 9.00, 0, NULL, 'BPS', NULL, '2025-11-06 13:33:28', '2025-11-06 13:33:28'),
(401, '2023', 7, 39, 264, 2, 113, 12.60, 113.40, 9.00, 0, NULL, 'BPS', NULL, '2025-11-06 13:33:28', '2025-11-06 13:33:28'),
(402, '2023', 7, 39, 251, 2, 113, 36.99, 332.91, 9.00, 0, NULL, 'BPS', NULL, '2025-11-06 13:33:28', '2025-11-06 13:33:28'),
(403, '2023', 7, 39, 262, 2, 113, 0.25, 2.25, 9.00, 0, NULL, 'BPS', NULL, '2025-11-06 13:33:28', '2025-11-06 13:33:28'),
(404, '2023', 7, 39, 255, 2, 113, 3.00, 27.00, 9.00, 0, NULL, 'BPS', NULL, '2025-11-06 13:33:28', '2025-11-06 13:33:28'),
(405, '2023', 7, 39, 256, 2, 113, 1.85, 16.65, 9.00, 0, NULL, 'BPS', NULL, '2025-11-06 13:33:28', '2025-11-06 13:33:28'),
(406, '2023', 7, 39, 257, 2, 113, 1.00, 9.00, 9.00, 0, NULL, 'BPS', NULL, '2025-11-06 13:33:28', '2025-11-06 13:33:28'),
(408, '2023', 7, 39, 252, 2, 113, 3.25, 29.25, 9.00, 0, NULL, 'BPS', NULL, '2025-11-06 13:33:28', '2025-11-06 13:33:28'),
(409, '2023', 7, 39, 260, 2, 113, 12.00, 108.00, 9.00, 0, NULL, 'BPS', NULL, '2025-11-06 13:33:28', '2025-11-06 13:33:28'),
(410, '2023', 7, 39, 259, 2, 113, 9.50, 85.50, 9.00, 0, NULL, 'BPS', NULL, '2025-11-06 13:33:28', '2025-11-06 13:33:28'),
(411, '2023', 7, 39, 254, 2, 133, 3.75, 62.25, 16.60, 0, NULL, 'BPS', NULL, '2025-11-06 13:34:01', '2025-11-06 13:34:01'),
(414, '2023', 7, 39, 270, 2, 133, 3.00, 49.80, 16.60, 0, NULL, 'BPS', NULL, '2025-11-06 13:34:01', '2025-11-06 13:34:01'),
(415, '2023', 7, 39, 253, 2, 133, 4.75, 78.85, 16.60, 0, NULL, 'BPS', NULL, '2025-11-06 13:34:01', '2025-11-06 13:34:01'),
(420, '2023', 7, 39, 263, 2, 133, 15.25, 253.15, 16.60, 0, NULL, 'BPS', NULL, '2025-11-06 13:34:01', '2025-11-06 13:34:01'),
(421, '2023', 7, 39, 264, 2, 133, 9.87, 163.84, 16.60, 0, NULL, 'BPS', NULL, '2025-11-06 13:34:01', '2025-11-06 13:34:01'),
(422, '2023', 7, 39, 251, 2, 133, 3.11, 51.63, 16.60, 0, NULL, 'BPS', NULL, '2025-11-06 13:34:01', '2025-11-06 13:34:01'),
(423, '2023', 7, 39, 262, 2, 133, 3.50, 58.10, 16.60, 0, NULL, 'BPS', NULL, '2025-11-06 13:34:01', '2025-11-06 13:34:01'),
(424, '2023', 7, 39, 255, 2, 133, 10.00, 166.00, 16.60, 0, NULL, 'BPS', NULL, '2025-11-06 13:34:01', '2025-11-06 13:34:01'),
(425, '2023', 7, 39, 256, 2, 133, 1.75, 29.05, 16.60, 0, NULL, 'BPS', NULL, '2025-11-06 13:34:01', '2025-11-06 13:34:01'),
(426, '2023', 7, 39, 257, 2, 133, 0.25, 4.15, 16.60, 0, NULL, 'BPS', NULL, '2025-11-06 13:34:01', '2025-11-06 13:34:01'),
(427, '2023', 7, 39, 258, 2, 133, 10.00, 166.00, 16.60, 0, NULL, 'BPS', NULL, '2025-11-06 13:34:01', '2025-11-06 13:34:01'),
(428, '2023', 7, 39, 252, 2, 133, 0.50, 8.30, 16.60, 0, NULL, 'BPS', NULL, '2025-11-06 13:34:01', '2025-11-06 13:34:01'),
(429, '2023', 7, 39, 260, 2, 133, 24.00, 398.40, 16.60, 0, NULL, 'BPS', NULL, '2025-11-06 13:34:01', '2025-11-06 13:34:01'),
(430, '2023', 7, 39, 259, 2, 133, 23.50, 390.10, 16.60, 0, NULL, 'BPS', NULL, '2025-11-06 13:34:01', '2025-11-06 13:34:01'),
(434, '2023', 7, 39, 270, 2, 132, 4.50, 36.00, 8.00, 0, NULL, 'BPS', NULL, '2025-11-06 13:35:13', '2025-11-06 13:35:13'),
(435, '2023', 7, 39, 253, 2, 132, 3.00, 24.00, 8.00, 0, NULL, 'BPS', NULL, '2025-11-06 13:35:13', '2025-11-06 13:35:13'),
(439, '2023', 7, 39, 261, 2, 132, 1.08, 8.64, 8.00, 0, NULL, 'BPS', NULL, '2025-11-06 13:35:13', '2025-11-06 13:35:13'),
(440, '2023', 7, 39, 263, 2, 132, 15.00, 120.00, 8.00, 0, NULL, 'BPS', NULL, '2025-11-06 13:35:13', '2025-11-06 13:35:13'),
(441, '2023', 7, 39, 264, 2, 132, 15.00, 120.00, 8.00, 0, NULL, 'BPS', NULL, '2025-11-06 13:35:13', '2025-11-06 13:35:13'),
(442, '2023', 7, 39, 251, 2, 132, 101.01, 808.08, 8.00, 0, NULL, 'BPS', NULL, '2025-11-06 13:35:13', '2025-11-06 13:35:13'),
(443, '2023', 7, 39, 262, 2, 132, 1.50, 12.00, 8.00, 0, NULL, 'BPS', NULL, '2025-11-06 13:35:13', '2025-11-06 13:35:13'),
(444, '2023', 7, 39, 255, 2, 132, 13.00, 104.00, 8.00, 0, NULL, 'BPS', NULL, '2025-11-06 13:35:13', '2025-11-06 13:35:13'),
(445, '2023', 7, 39, 256, 2, 132, 1.50, 12.00, 8.00, 0, NULL, 'BPS', NULL, '2025-11-06 13:35:13', '2025-11-06 13:35:13'),
(446, '2023', 7, 39, 257, 2, 132, 0.50, 4.00, 8.00, 0, NULL, 'BPS', NULL, '2025-11-06 13:35:13', '2025-11-06 13:35:13'),
(447, '2023', 7, 39, 258, 2, 132, 0.50, 4.00, 8.00, 0, NULL, 'BPS', NULL, '2025-11-06 13:35:13', '2025-11-06 13:35:13'),
(448, '2023', 7, 39, 252, 2, 132, 3.00, 24.00, 8.00, 0, NULL, 'BPS', NULL, '2025-11-06 13:35:13', '2025-11-06 13:35:13'),
(449, '2023', 7, 39, 260, 2, 132, 24.50, 196.00, 8.00, 0, NULL, 'BPS', NULL, '2025-11-06 13:35:13', '2025-11-06 13:35:13'),
(450, '2023', 7, 39, 259, 2, 132, 27.00, 216.00, 8.00, 0, NULL, 'BPS', NULL, '2025-11-06 13:35:13', '2025-11-06 13:35:13'),
(460, '2023', 7, 39, 263, 2, 48, 12.00, 110.40, 9.20, 0, NULL, 'BPS', NULL, '2025-11-06 13:35:50', '2025-11-06 13:35:50'),
(461, '2023', 7, 39, 264, 2, 48, 11.50, 105.80, 9.20, 0, NULL, 'BPS', NULL, '2025-11-06 13:35:50', '2025-11-06 13:35:50'),
(464, '2023', 7, 39, 255, 2, 48, 3.50, 32.20, 9.20, 0, NULL, 'BPS', NULL, '2025-11-06 13:35:50', '2025-11-06 13:35:50'),
(465, '2023', 7, 39, 256, 2, 48, 1.35, 12.42, 9.20, 0, NULL, 'BPS', NULL, '2025-11-06 13:35:50', '2025-11-06 13:35:50'),
(466, '2023', 7, 39, 257, 2, 48, 0.75, 6.90, 9.20, 0, NULL, 'BPS', NULL, '2025-11-06 13:35:50', '2025-11-06 13:35:50'),
(467, '2023', 7, 39, 258, 2, 48, 6.00, 55.20, 9.20, 0, NULL, 'BPS', NULL, '2025-11-06 13:35:50', '2025-11-06 13:35:50'),
(468, '2023', 7, 39, 252, 2, 48, 2.50, 23.00, 9.20, 0, NULL, 'BPS', NULL, '2025-11-06 13:35:50', '2025-11-06 13:35:50'),
(469, '2023', 7, 39, 260, 2, 48, 13.50, 124.20, 9.20, 0, NULL, 'BPS', NULL, '2025-11-06 13:35:50', '2025-11-06 13:35:50'),
(470, '2023', 7, 39, 259, 2, 48, 13.50, 124.20, 9.20, 0, NULL, 'BPS', NULL, '2025-11-06 13:35:50', '2025-11-06 13:35:50'),
(471, '2023', 7, 39, 254, 2, 79, 1.00, 102.20, 102.20, 0, NULL, 'BPS', NULL, '2025-11-06 13:36:26', '2025-11-06 13:36:26'),
(474, '2023', 7, 39, 270, 2, 79, 2.00, 204.40, 102.20, 0, NULL, 'BPS', NULL, '2025-11-06 13:36:26', '2025-11-06 13:36:26'),
(475, '2023', 7, 39, 253, 2, 79, 3.50, 357.70, 102.20, 0, NULL, 'BPS', NULL, '2025-11-06 13:36:26', '2025-11-06 13:36:26'),
(479, '2023', 7, 39, 261, 2, 79, 1.27, 129.79, 102.20, 0, NULL, 'BPS', NULL, '2025-11-06 13:36:26', '2025-11-06 13:36:26'),
(480, '2023', 7, 39, 263, 2, 79, 9.75, 996.45, 102.20, 0, NULL, 'BPS', NULL, '2025-11-06 13:36:26', '2025-11-06 13:36:26'),
(481, '2023', 7, 39, 264, 2, 79, 6.13, 626.49, 102.20, 0, NULL, 'BPS', NULL, '2025-11-06 13:36:26', '2025-11-06 13:36:26'),
(482, '2023', 7, 39, 251, 2, 79, 44.25, 4522.35, 102.20, 0, NULL, 'BPS', NULL, '2025-11-06 13:36:26', '2025-11-06 13:36:26'),
(484, '2023', 7, 39, 255, 2, 79, 1.00, 102.20, 102.20, 0, NULL, 'BPS', NULL, '2025-11-06 13:36:26', '2025-11-06 13:36:26'),
(485, '2023', 7, 39, 256, 2, 79, 2.70, 275.94, 102.20, 0, NULL, 'BPS', NULL, '2025-11-06 13:36:26', '2025-11-06 13:36:26'),
(486, '2023', 7, 39, 257, 2, 79, 1.00, 102.20, 102.20, 0, NULL, 'BPS', NULL, '2025-11-06 13:36:26', '2025-11-06 13:36:26'),
(487, '2023', 7, 39, 258, 2, 79, 3.50, 357.70, 102.20, 0, NULL, 'BPS', NULL, '2025-11-06 13:36:26', '2025-11-06 13:36:26'),
(488, '2023', 7, 39, 252, 2, 79, 4.50, 459.90, 102.20, 0, NULL, 'BPS', NULL, '2025-11-06 13:36:26', '2025-11-06 13:36:26'),
(489, '2023', 7, 39, 260, 2, 79, 11.00, 1124.20, 102.20, 0, NULL, 'BPS', NULL, '2025-11-06 13:36:26', '2025-11-06 13:36:26'),
(490, '2023', 7, 39, 259, 2, 79, 4.50, 459.90, 102.20, 0, NULL, 'BPS', NULL, '2025-11-06 13:36:26', '2025-11-06 13:36:26'),
(491, '2023', 7, 39, 254, 2, 78, 2.50, 10.50, 4.20, 0, NULL, 'BPS', NULL, '2025-11-06 13:36:55', '2025-11-06 13:36:55'),
(494, '2023', 7, 39, 270, 2, 78, 2.50, 10.50, 4.20, 0, NULL, 'BPS', NULL, '2025-11-06 13:36:55', '2025-11-06 13:36:55'),
(495, '2023', 7, 39, 253, 2, 78, 5.50, 23.10, 4.20, 0, NULL, 'BPS', NULL, '2025-11-06 13:36:55', '2025-11-06 13:36:55'),
(499, '2023', 7, 39, 261, 2, 78, 2.00, 8.40, 4.20, 0, NULL, 'BPS', NULL, '2025-11-06 13:36:55', '2025-11-06 13:36:55'),
(500, '2023', 7, 39, 263, 2, 78, 24.50, 102.90, 4.20, 0, NULL, 'BPS', NULL, '2025-11-06 13:36:55', '2025-11-06 13:36:55'),
(501, '2023', 7, 39, 264, 2, 78, 29.50, 123.90, 4.20, 0, NULL, 'BPS', NULL, '2025-11-06 13:36:55', '2025-11-06 13:36:55'),
(502, '2023', 7, 39, 251, 2, 78, 1.86, 7.81, 4.20, 0, NULL, 'BPS', NULL, '2025-11-06 13:36:55', '2025-11-06 13:36:55'),
(503, '2023', 7, 39, 262, 2, 78, 4.50, 18.90, 4.20, 0, NULL, 'BPS', NULL, '2025-11-06 13:36:55', '2025-11-06 13:36:55'),
(504, '2023', 7, 39, 255, 2, 78, 8.00, 33.60, 4.20, 0, NULL, 'BPS', NULL, '2025-11-06 13:36:55', '2025-11-06 13:36:55'),
(505, '2023', 7, 39, 256, 2, 78, 2.05, 8.61, 4.20, 0, NULL, 'BPS', NULL, '2025-11-06 13:36:55', '2025-11-06 13:36:55'),
(506, '2023', 7, 39, 257, 2, 78, 10.50, 44.10, 4.20, 0, NULL, 'BPS', NULL, '2025-11-06 13:36:55', '2025-11-06 13:36:55'),
(507, '2023', 7, 39, 258, 2, 78, 16.50, 69.30, 4.20, 0, NULL, 'BPS', NULL, '2025-11-06 13:36:55', '2025-11-06 13:36:55'),
(508, '2023', 7, 39, 252, 2, 78, 11.50, 48.30, 4.20, 0, NULL, 'BPS', NULL, '2025-11-06 13:36:55', '2025-11-06 13:36:55'),
(509, '2023', 7, 39, 260, 2, 78, 18.00, 75.60, 4.20, 0, NULL, 'BPS', NULL, '2025-11-06 13:36:55', '2025-11-06 13:36:55'),
(510, '2023', 7, 39, 259, 2, 78, 20.50, 86.10, 4.20, 0, NULL, 'BPS', NULL, '2025-11-06 13:36:55', '2025-11-06 13:36:55'),
(514, '2023', 7, 39, 270, 2, 42, 2.50, 24.75, 9.90, 0, NULL, 'BPS', NULL, '2025-11-06 13:37:32', '2025-11-06 13:37:32'),
(515, '2023', 7, 39, 253, 2, 42, 1.40, 13.86, 9.90, 0, NULL, 'BPS', NULL, '2025-11-06 13:37:32', '2025-11-06 13:37:32'),
(519, '2023', 7, 39, 261, 2, 42, 0.90, 8.91, 9.90, 0, NULL, 'BPS', NULL, '2025-11-06 13:37:32', '2025-11-06 13:37:32'),
(520, '2023', 7, 39, 263, 2, 42, 6.00, 59.40, 9.90, 0, NULL, 'BPS', NULL, '2025-11-06 13:37:32', '2025-11-06 13:37:32'),
(521, '2023', 7, 39, 264, 2, 42, 1.00, 9.90, 9.90, 0, NULL, 'BPS', NULL, '2025-11-06 13:37:32', '2025-11-06 13:37:32'),
(522, '2023', 7, 39, 251, 2, 42, 4.36, 43.16, 9.90, 0, NULL, 'BPS', NULL, '2025-11-06 13:37:32', '2025-11-06 13:37:32'),
(523, '2023', 7, 39, 262, 2, 42, 0.15, 1.49, 9.90, 0, NULL, 'BPS', NULL, '2025-11-06 13:37:32', '2025-11-06 13:37:32'),
(524, '2023', 7, 39, 255, 2, 42, 0.50, 4.95, 9.90, 0, NULL, 'BPS', NULL, '2025-11-06 13:37:32', '2025-11-06 13:37:32'),
(526, '2023', 7, 39, 257, 2, 42, 0.75, 7.43, 9.90, 0, NULL, 'BPS', NULL, '2025-11-06 13:37:32', '2025-11-06 13:37:32'),
(528, '2023', 7, 39, 252, 2, 42, 2.00, 19.80, 9.90, 0, NULL, 'BPS', NULL, '2025-11-06 13:37:32', '2025-11-06 13:37:32'),
(529, '2023', 7, 39, 260, 2, 42, 10.50, 103.95, 9.90, 0, NULL, 'BPS', NULL, '2025-11-06 13:37:32', '2025-11-06 13:37:32'),
(530, '2023', 7, 39, 259, 2, 42, 4.00, 39.60, 9.90, 0, NULL, 'BPS', NULL, '2025-11-06 13:37:32', '2025-11-06 13:37:32'),
(531, '2023', 7, 39, 254, 2, 85, 2.00, 18.80, 9.40, 0, NULL, 'BPS', NULL, '2025-11-06 13:38:12', '2025-11-06 13:38:12'),
(534, '2023', 7, 39, 270, 2, 85, 7.50, 70.50, 9.40, 0, NULL, 'BPS', NULL, '2025-11-06 13:38:12', '2025-11-06 13:38:12'),
(539, '2023', 7, 39, 261, 2, 85, 2.00, 18.80, 9.40, 0, NULL, 'BPS', NULL, '2025-11-06 13:38:12', '2025-11-06 13:38:12'),
(541, '2023', 7, 39, 264, 2, 85, 19.00, 178.60, 9.40, 0, NULL, 'BPS', NULL, '2025-11-06 13:38:12', '2025-11-06 13:38:12'),
(542, '2023', 7, 39, 251, 2, 85, 0.73, 6.86, 9.40, 0, NULL, 'BPS', NULL, '2025-11-06 13:38:12', '2025-11-06 13:38:12'),
(544, '2023', 7, 39, 255, 2, 85, 6.50, 61.10, 9.40, 0, NULL, 'BPS', NULL, '2025-11-06 13:38:12', '2025-11-06 13:38:12'),
(545, '2023', 7, 39, 256, 2, 85, 2.45, 23.03, 9.40, 0, NULL, 'BPS', NULL, '2025-11-06 13:38:12', '2025-11-06 13:38:12'),
(546, '2023', 7, 39, 257, 2, 85, 0.25, 2.35, 9.40, 0, NULL, 'BPS', NULL, '2025-11-06 13:38:12', '2025-11-06 13:38:12'),
(547, '2023', 7, 39, 258, 2, 85, 0.50, 4.70, 9.40, 0, NULL, 'BPS', NULL, '2025-11-06 13:38:12', '2025-11-06 13:38:12'),
(548, '2023', 7, 39, 252, 2, 85, 6.00, 56.40, 9.40, 0, NULL, 'BPS', NULL, '2025-11-06 13:38:12', '2025-11-06 13:38:12'),
(549, '2023', 7, 39, 260, 2, 85, 6.00, 56.40, 9.40, 0, NULL, 'BPS', NULL, '2025-11-06 13:38:13', '2025-11-06 13:38:13'),
(550, '2023', 7, 39, 259, 2, 85, 21.00, 197.40, 9.40, 0, NULL, 'BPS', NULL, '2025-11-06 13:38:13', '2025-11-06 13:38:13'),
(554, '2023', 7, 39, 270, 2, 123, 7.00, 70.00, 10.00, 0, NULL, 'BPS', NULL, '2025-11-06 13:39:05', '2025-11-06 13:39:05'),
(560, '2023', 7, 39, 263, 2, 123, 15.00, 150.00, 10.00, 0, NULL, 'BPS', NULL, '2025-11-06 13:39:05', '2025-11-06 13:39:05'),
(561, '2023', 7, 39, 264, 2, 123, 29.00, 290.00, 10.00, 0, NULL, 'BPS', NULL, '2025-11-06 13:39:05', '2025-11-06 13:39:05'),
(563, '2023', 7, 39, 262, 2, 123, 0.50, 5.00, 10.00, 0, NULL, 'BPS', NULL, '2025-11-06 13:39:05', '2025-11-06 13:39:05'),
(564, '2023', 7, 39, 255, 2, 123, 3.50, 35.00, 10.00, 0, NULL, 'BPS', NULL, '2025-11-06 13:39:05', '2025-11-06 13:39:05'),
(565, '2023', 7, 39, 256, 2, 123, 1.50, 15.00, 10.00, 0, NULL, 'BPS', NULL, '2025-11-06 13:39:05', '2025-11-06 13:39:05'),
(566, '2023', 7, 39, 257, 2, 123, 14.00, 140.00, 10.00, 0, NULL, 'BPS', NULL, '2025-11-06 13:39:05', '2025-11-06 13:39:05'),
(568, '2023', 7, 39, 252, 2, 123, 6.25, 62.50, 10.00, 0, NULL, 'BPS', NULL, '2025-11-06 13:39:05', '2025-11-06 13:39:05'),
(569, '2023', 7, 39, 260, 2, 123, 23.00, 230.00, 10.00, 0, NULL, 'BPS', NULL, '2025-11-06 13:39:05', '2025-11-06 13:39:05'),
(570, '2023', 7, 39, 259, 2, 123, 14.00, 140.00, 10.00, 0, NULL, 'BPS', NULL, '2025-11-06 13:39:05', '2025-11-06 13:39:05'),
(571, '2023', 7, 39, 254, 2, 103, 0.00, 30.00, NULL, 0, NULL, 'BPS', NULL, '2025-11-06 13:39:41', '2025-11-06 13:39:41'),
(574, '2023', 7, 39, 270, 2, 103, 0.00, 120.00, NULL, 0, NULL, 'BPS', NULL, '2025-11-06 13:39:41', '2025-11-06 13:39:41'),
(581, '2023', 7, 39, 264, 2, 103, 0.00, 170.00, NULL, 0, NULL, 'BPS', NULL, '2025-11-06 13:39:41', '2025-11-06 13:39:41'),
(584, '2023', 7, 39, 255, 2, 103, 0.00, 35.00, NULL, 0, NULL, 'BPS', NULL, '2025-11-06 13:39:41', '2025-11-06 13:39:41'),
(585, '2023', 7, 39, 256, 2, 103, 0.00, 5.00, NULL, 0, NULL, 'BPS', NULL, '2025-11-06 13:39:41', '2025-11-06 13:39:41'),
(597, '2023', 7, 39, 266, 3, 150, 18737.94, 294664.89, 15.73, 0, NULL, 'BPS', NULL, '2025-11-06 13:40:54', '2025-11-06 13:40:54'),
(608, '2023', 7, 39, 252, 3, 150, 11378.24, 0.00, NULL, 0, NULL, 'BPS', NULL, '2025-11-06 13:40:54', '2025-11-06 13:40:54'),
(609, '2023', 7, 39, 260, 3, 150, 5987.00, 8902.00, 1.49, 0, NULL, 'BPS', NULL, '2025-11-06 13:40:54', '2025-11-06 13:40:54'),
(610, '2023', 7, 39, 259, 3, 150, 53153.62, 665141268.09, 12513.56, 0, NULL, 'BPS', NULL, '2025-11-06 13:40:54', '2025-11-06 13:40:54'),
(611, '2023', 7, 39, 254, 3, 149, 204.00, 164.00, 0.80, 0, NULL, 'BPS', NULL, '2025-11-06 13:41:34', '2025-11-06 13:41:34'),
(612, '2023', 7, 39, 268, 3, 149, 75.00, 75.00, 1.00, 0, NULL, 'BPS', NULL, '2025-11-06 13:41:34', '2025-11-06 13:41:34'),
(613, '2023', 7, 39, 269, 3, 149, 150.00, 150.00, 1.00, 0, NULL, 'BPS', NULL, '2025-11-06 13:41:34', '2025-11-06 13:41:34'),
(614, '2023', 7, 39, 270, 3, 149, 30.00, 30.00, 1.00, 0, NULL, 'BPS', NULL, '2025-11-06 13:41:34', '2025-11-06 13:41:34'),
(615, '2023', 7, 39, 253, 3, 149, 3405.00, 3325.00, 0.98, 0, NULL, 'BPS', NULL, '2025-11-06 13:41:34', '2025-11-06 13:41:34'),
(616, '2023', 7, 39, 265, 3, 149, 50.00, 50.00, 1.00, 0, NULL, 'BPS', NULL, '2025-11-06 13:41:34', '2025-11-06 13:41:34'),
(617, '2023', 7, 39, 266, 3, 149, 45.00, 45.00, 1.00, 0, NULL, 'BPS', NULL, '2025-11-06 13:41:34', '2025-11-06 13:41:34'),
(618, '2023', 7, 39, 267, 3, 149, 55.00, 55.00, 1.00, 0, NULL, 'BPS', NULL, '2025-11-06 13:41:34', '2025-11-06 13:41:34'),
(619, '2023', 7, 39, 261, 3, 149, 375.00, 375.00, 1.00, 0, NULL, 'BPS', NULL, '2025-11-06 13:41:34', '2025-11-06 13:41:34'),
(620, '2023', 7, 39, 263, 3, 149, 50.00, 50.00, 1.00, 0, NULL, 'BPS', NULL, '2025-11-06 13:41:34', '2025-11-06 13:41:34'),
(621, '2023', 7, 39, 264, 3, 149, 810.00, 760.00, 0.94, 0, NULL, 'BPS', NULL, '2025-11-06 13:41:34', '2025-11-06 13:41:34'),
(622, '2023', 7, 39, 251, 3, 149, 184.70, 184.70, 1.00, 0, NULL, 'BPS', NULL, '2025-11-06 13:41:34', '2025-11-06 13:41:34'),
(623, '2023', 7, 39, 262, 3, 149, 505.00, 505.00, 1.00, 0, NULL, 'BPS', NULL, '2025-11-06 13:41:34', '2025-11-06 13:41:34'),
(624, '2023', 7, 39, 255, 3, 149, 293.00, 233.00, 0.80, 0, NULL, 'BPS', NULL, '2025-11-06 13:41:34', '2025-11-06 13:41:34'),
(625, '2023', 7, 39, 256, 3, 149, 52.00, 52.00, 1.00, 0, NULL, 'BPS', NULL, '2025-11-06 13:41:34', '2025-11-06 13:41:34'),
(626, '2023', 7, 39, 257, 3, 149, 246.00, 246.00, 1.00, 0, NULL, 'BPS', NULL, '2025-11-06 13:41:34', '2025-11-06 13:41:34'),
(627, '2023', 7, 39, 258, 3, 149, 32.00, 32.00, 1.00, 0, NULL, 'BPS', NULL, '2025-11-06 13:41:34', '2025-11-06 13:41:34'),
(628, '2023', 7, 39, 252, 3, 149, 127.00, 127.00, 1.00, 0, NULL, 'BPS', NULL, '2025-11-06 13:41:34', '2025-11-06 13:41:34'),
(629, '2023', 7, 39, 260, 3, 149, 95.00, 95.00, 1.00, 0, NULL, 'BPS', NULL, '2025-11-06 13:41:34', '2025-11-06 13:41:34'),
(630, '2023', 7, 39, 259, 3, 149, 105.00, 105.00, 1.00, 0, NULL, 'BPS', NULL, '2025-11-06 13:41:34', '2025-11-06 13:41:34'),
(646, '2023', 7, 39, 257, 3, 152, 1.13, 0.08, 0.07, 0, NULL, 'BPS', NULL, '2025-11-06 13:42:59', '2025-11-06 13:42:59'),
(647, '2023', 7, 39, 258, 3, 152, 0.13, 0.04, 0.30, 0, NULL, 'BPS', NULL, '2025-11-06 13:42:59', '2025-11-06 13:42:59'),
(648, '2023', 7, 39, 252, 3, 152, 6.50, 0.45, 0.07, 0, NULL, 'BPS', NULL, '2025-11-06 13:42:59', '2025-11-06 13:42:59'),
(651, '2023', 7, 39, 252, 3, 148, 173.00, 30.00, 0.17, 0, NULL, 'BPS', NULL, '2025-11-06 13:43:42', '2025-11-06 13:43:42'),
(652, '2023', 7, 39, 254, 1, 1, 64.75, 234.40, 3.62, 0, NULL, 'BPS', NULL, '2025-11-06 13:44:50', '2025-11-06 13:44:50'),
(653, '2023', 7, 39, 268, 1, 1, 39.50, 152.08, 3.85, 0, NULL, 'BPS', NULL, '2025-11-06 13:44:50', '2025-11-06 13:44:50'),
(654, '2023', 7, 39, 269, 1, 1, 19.75, 82.16, 4.16, 0, NULL, 'BPS', NULL, '2025-11-06 13:44:50', '2025-11-06 13:44:50'),
(655, '2023', 7, 39, 253, 1, 1, 124.50, 404.63, 3.25, 0, NULL, 'BPS', NULL, '2025-11-06 13:44:50', '2025-11-06 13:44:50'),
(656, '2023', 7, 39, 261, 1, 1, 15584.00, 87483.75, 5.61, 0, NULL, 'BPS', NULL, '2025-11-06 13:44:50', '2025-11-06 13:44:50'),
(657, '2023', 7, 39, 263, 1, 1, 35.00, 84.00, 2.40, 0, NULL, 'BPS', NULL, '2025-11-06 13:44:50', '2025-11-06 13:44:50'),
(658, '2023', 7, 39, 264, 1, 1, 9484.00, 42183.00, 4.45, 0, NULL, 'BPS', NULL, '2025-11-06 13:44:50', '2025-11-06 13:44:50'),
(659, '2023', 7, 39, 251, 1, 1, 746.00, 3618.45, 4.85, 0, NULL, 'BPS', NULL, '2025-11-06 13:44:50', '2025-11-06 13:44:50'),
(660, '2023', 7, 39, 262, 1, 1, 185.00, 416.25, 2.25, 0, NULL, 'BPS', NULL, '2025-11-06 13:44:50', '2025-11-06 13:44:50'),
(661, '2023', 7, 39, 255, 1, 1, 8652.00, 34650.77, 4.00, 0, NULL, 'BPS', NULL, '2025-11-06 13:44:50', '2025-11-06 13:44:50'),
(662, '2023', 7, 39, 256, 1, 1, 14954.00, 64392.60, 4.31, 0, NULL, 'BPS', NULL, '2025-11-06 13:44:50', '2025-11-06 13:44:50'),
(663, '2023', 7, 39, 257, 1, 1, 764.50, 2369.95, 3.10, 0, NULL, 'BPS', NULL, '2025-11-06 13:44:50', '2025-11-06 13:44:50'),
(664, '2023', 7, 39, 258, 1, 1, 2.00, 2.30, 1.15, 0, NULL, 'BPS', NULL, '2025-11-06 13:44:50', '2025-11-06 13:44:50'),
(665, '2023', 7, 39, 252, 1, 1, 30.00, 100.50, 3.35, 0, NULL, 'BPS', NULL, '2025-11-06 13:44:50', '2025-11-06 13:44:50'),
(666, '2023', 7, 39, 260, 1, 1, 56.50, 197.75, 3.50, 0, NULL, 'BPS', NULL, '2025-11-06 13:44:50', '2025-11-06 13:44:50'),
(667, '2023', 7, 39, 259, 1, 1, 36.50, 127.75, 3.50, 0, NULL, 'BPS', NULL, '2025-11-06 13:44:50', '2025-11-06 13:44:50'),
(671, '2023', 7, 39, 267, 1, 1, 1.50, 0.00, NULL, 0, NULL, 'BPS', NULL, '2025-11-06 13:45:22', '2025-11-06 13:45:22'),
(672, '2023', 7, 39, 254, 1, 136, 7.00, 24.50, 3.50, 0, NULL, 'BPS', NULL, '2025-11-06 14:14:35', '2025-11-06 14:14:35'),
(676, '2023', 7, 39, 253, 1, 136, 21.50, 98.47, 4.58, 0, NULL, 'BPS', NULL, '2025-11-06 14:14:35', '2025-11-06 14:14:35'),
(677, '2023', 7, 39, 265, 1, 136, 3.50, 15.79, 4.51, 0, NULL, 'BPS', NULL, '2025-11-06 14:14:35', '2025-11-06 14:14:35'),
(680, '2023', 7, 39, 261, 1, 136, 82.70, 330.80, 4.00, 0, NULL, 'BPS', NULL, '2025-11-06 14:14:35', '2025-11-06 14:14:35'),
(682, '2023', 7, 39, 264, 1, 136, 85.50, 384.75, 4.50, 0, NULL, 'BPS', NULL, '2025-11-06 14:14:35', '2025-11-06 14:14:35'),
(683, '2023', 7, 39, 251, 1, 136, 11.50, 51.75, 4.50, 0, NULL, 'BPS', NULL, '2025-11-06 14:14:35', '2025-11-06 14:14:35'),
(684, '2023', 7, 39, 262, 1, 136, 21.00, 81.90, 3.90, 0, NULL, 'BPS', NULL, '2025-11-06 14:14:35', '2025-11-06 14:14:35'),
(685, '2023', 7, 39, 255, 1, 136, 153.00, 703.80, 4.60, 0, NULL, 'BPS', NULL, '2025-11-06 14:14:35', '2025-11-06 14:14:35'),
(686, '2023', 7, 39, 256, 1, 136, 137.75, 661.20, 4.80, 0, NULL, 'BPS', NULL, '2025-11-06 14:14:35', '2025-11-06 14:14:35'),
(687, '2023', 7, 39, 257, 1, 136, 143.75, 575.00, 4.00, 0, NULL, 'BPS', NULL, '2025-11-06 14:14:35', '2025-11-06 14:14:35'),
(688, '2023', 7, 39, 258, 1, 136, 8.50, 39.02, 4.59, 0, NULL, 'BPS', NULL, '2025-11-06 14:14:35', '2025-11-06 14:14:35'),
(689, '2023', 7, 39, 252, 1, 136, 23.00, 89.01, 3.87, 0, NULL, 'BPS', NULL, '2025-11-06 14:14:35', '2025-11-06 14:14:35');
INSERT INTO `bps_data` (`id`, `tahun`, `provinsi_id`, `kabupaten_id`, `kecamatan_id`, `sektor_id`, `komoditas_id`, `luas_lahan`, `produksi`, `produktivitas`, `status_unggulan`, `peringkat_wilayah`, `sumber_data`, `keterangan`, `created_at`, `updated_at`) VALUES
(690, '2023', 7, 39, 260, 1, 136, 70.00, 247.80, 3.54, 0, NULL, 'BPS', NULL, '2025-11-06 14:14:35', '2025-11-06 14:14:35'),
(691, '2023', 7, 39, 259, 1, 136, 34.00, 120.36, 3.54, 0, NULL, 'BPS', NULL, '2025-11-06 14:14:35', '2025-11-06 14:14:35'),
(700, '2023', 7, 39, 261, 1, 139, 6.00, 12.00, 2.00, 0, NULL, 'BPS', NULL, '2025-11-06 14:15:26', '2025-11-06 14:15:26'),
(702, '2023', 7, 39, 264, 1, 139, 11.50, 22.43, 1.95, 0, NULL, 'BPS', NULL, '2025-11-06 14:15:26', '2025-11-06 14:15:26'),
(707, '2023', 7, 39, 257, 1, 139, 37.50, 86.25, 2.30, 0, NULL, 'BPS', NULL, '2025-11-06 14:15:26', '2025-11-06 14:15:26'),
(709, '2023', 7, 39, 252, 1, 139, 4.00, 6.80, 1.70, 0, NULL, 'BPS', NULL, '2025-11-06 14:15:26', '2025-11-06 14:15:26'),
(710, '2023', 7, 39, 260, 1, 139, 8.50, 14.88, 1.75, 0, NULL, 'BPS', NULL, '2025-11-06 14:15:26', '2025-11-06 14:15:26'),
(711, '2023', 7, 39, 259, 1, 139, 4.50, 8.55, 1.90, 0, NULL, 'BPS', NULL, '2025-11-06 14:15:26', '2025-11-06 14:15:26'),
(712, '2023', 7, 39, 254, 1, 142, 52.00, 780.00, 15.00, 0, NULL, 'BPS', NULL, '2025-11-06 14:16:00', '2025-11-06 14:16:00'),
(713, '2023', 7, 39, 268, 1, 142, 52.00, 1144.00, 22.00, 0, NULL, 'BPS', NULL, '2025-11-06 14:16:01', '2025-11-06 14:16:01'),
(714, '2023', 7, 39, 269, 1, 142, 19.00, 304.00, 16.00, 0, NULL, 'BPS', NULL, '2025-11-06 14:16:01', '2025-11-06 14:16:01'),
(715, '2023', 7, 39, 270, 1, 142, 10.00, 140.00, 14.00, 0, NULL, 'BPS', NULL, '2025-11-06 14:16:01', '2025-11-06 14:16:01'),
(716, '2023', 7, 39, 253, 1, 142, 57.75, 866.25, 15.00, 0, NULL, 'BPS', NULL, '2025-11-06 14:16:01', '2025-11-06 14:16:01'),
(717, '2023', 7, 39, 265, 1, 142, 11.00, 198.00, 18.00, 0, NULL, 'BPS', NULL, '2025-11-06 14:16:01', '2025-11-06 14:16:01'),
(720, '2023', 7, 39, 261, 1, 142, 24.50, 377.30, 15.40, 0, NULL, 'BPS', NULL, '2025-11-06 14:16:01', '2025-11-06 14:16:01'),
(721, '2023', 7, 39, 263, 1, 142, 16.75, 251.25, 15.00, 0, NULL, 'BPS', NULL, '2025-11-06 14:16:01', '2025-11-06 14:16:01'),
(722, '2023', 7, 39, 264, 1, 142, 14.50, 224.75, 15.50, 0, NULL, 'BPS', NULL, '2025-11-06 14:16:01', '2025-11-06 14:16:01'),
(723, '2023', 7, 39, 251, 1, 142, 21.00, 336.00, 16.00, 0, NULL, 'BPS', NULL, '2025-11-06 14:16:01', '2025-11-06 14:16:01'),
(724, '2023', 7, 39, 262, 1, 142, 40.05, 660.83, 16.50, 0, NULL, 'BPS', NULL, '2025-11-06 14:16:01', '2025-11-06 14:16:01'),
(725, '2023', 7, 39, 255, 1, 142, 23.25, 383.63, 16.50, 0, NULL, 'BPS', NULL, '2025-11-06 14:16:01', '2025-11-06 14:16:01'),
(726, '2023', 7, 39, 256, 1, 142, 40.50, 668.25, 16.50, 0, NULL, 'BPS', NULL, '2025-11-06 14:16:01', '2025-11-06 14:16:01'),
(727, '2023', 7, 39, 257, 1, 142, 69.25, 1073.38, 15.50, 0, NULL, 'BPS', NULL, '2025-11-06 14:16:01', '2025-11-06 14:16:01'),
(728, '2023', 7, 39, 258, 1, 142, 21.75, 413.25, 19.00, 0, NULL, 'BPS', NULL, '2025-11-06 14:16:01', '2025-11-06 14:16:01'),
(729, '2023', 7, 39, 252, 1, 142, 46.25, 693.75, 15.00, 0, NULL, 'BPS', NULL, '2025-11-06 14:16:01', '2025-11-06 14:16:01'),
(730, '2023', 7, 39, 260, 1, 142, 38.25, 765.00, 20.00, 0, NULL, 'BPS', NULL, '2025-11-06 14:16:01', '2025-11-06 14:16:01'),
(731, '2023', 7, 39, 259, 1, 142, 78.75, 1968.75, 25.00, 0, NULL, 'BPS', NULL, '2025-11-06 14:16:01', '2025-11-06 14:16:01'),
(732, '2023', 7, 39, 254, 1, 141, 44.50, 489.50, 11.00, 0, NULL, 'BPS', NULL, '2025-11-06 14:16:44', '2025-11-06 14:16:44'),
(733, '2023', 7, 39, 268, 1, 141, 28.50, 342.00, 12.00, 0, NULL, 'BPS', NULL, '2025-11-06 14:16:44', '2025-11-06 14:16:44'),
(734, '2023', 7, 39, 269, 1, 141, 16.00, 171.20, 10.70, 0, NULL, 'BPS', NULL, '2025-11-06 14:16:44', '2025-11-06 14:16:44'),
(735, '2023', 7, 39, 270, 1, 141, 12.00, 134.40, 11.20, 0, NULL, 'BPS', NULL, '2025-11-06 14:16:44', '2025-11-06 14:16:44'),
(736, '2023', 7, 39, 253, 1, 141, 33.25, 399.00, 12.00, 0, NULL, 'BPS', NULL, '2025-11-06 14:16:44', '2025-11-06 14:16:44'),
(737, '2023', 7, 39, 265, 1, 141, 4.00, 52.00, 13.00, 0, NULL, 'BPS', NULL, '2025-11-06 14:16:44', '2025-11-06 14:16:44'),
(740, '2023', 7, 39, 261, 1, 141, 16.50, 214.50, 13.00, 0, NULL, 'BPS', NULL, '2025-11-06 14:16:44', '2025-11-06 14:16:44'),
(741, '2023', 7, 39, 263, 1, 141, 23.50, 270.25, 11.50, 0, NULL, 'BPS', NULL, '2025-11-06 14:16:44', '2025-11-06 14:16:44'),
(742, '2023', 7, 39, 264, 1, 141, 13.50, 155.25, 11.50, 0, NULL, 'BPS', NULL, '2025-11-06 14:16:44', '2025-11-06 14:16:44'),
(743, '2023', 7, 39, 251, 1, 141, 21.25, 286.88, 13.50, 0, NULL, 'BPS', NULL, '2025-11-06 14:16:44', '2025-11-06 14:16:44'),
(744, '2023', 7, 39, 262, 1, 141, 22.00, 286.00, 13.00, 0, NULL, 'BPS', NULL, '2025-11-06 14:16:44', '2025-11-06 14:16:44'),
(745, '2023', 7, 39, 255, 1, 141, 12.25, 159.25, 13.00, 0, NULL, 'BPS', NULL, '2025-11-06 14:16:44', '2025-11-06 14:16:44'),
(746, '2023', 7, 39, 256, 1, 141, 191.25, 2534.06, 13.25, 0, NULL, 'BPS', NULL, '2025-11-06 14:16:44', '2025-11-06 14:16:44'),
(747, '2023', 7, 39, 257, 1, 141, 53.85, 700.05, 13.00, 0, NULL, 'BPS', NULL, '2025-11-06 14:16:44', '2025-11-06 14:16:44'),
(748, '2023', 7, 39, 258, 1, 141, 11.75, 152.75, 13.00, 0, NULL, 'BPS', NULL, '2025-11-06 14:16:44', '2025-11-06 14:16:44'),
(749, '2023', 7, 39, 252, 1, 141, 19.25, 240.63, 12.50, 0, NULL, 'BPS', NULL, '2025-11-06 14:16:44', '2025-11-06 14:16:44'),
(750, '2023', 7, 39, 260, 1, 141, 17.25, 207.00, 12.00, 0, NULL, 'BPS', NULL, '2025-11-06 14:16:44', '2025-11-06 14:16:44'),
(751, '2023', 7, 39, 259, 1, 141, 31.25, 390.63, 12.50, 0, NULL, 'BPS', NULL, '2025-11-06 14:16:44', '2025-11-06 14:16:44'),
(752, '2023', 7, 39, 254, 1, 140, 28.00, 308.00, 11.00, 0, NULL, 'BPS', NULL, '2025-11-06 14:17:19', '2025-11-06 14:17:19'),
(753, '2023', 7, 39, 268, 1, 140, 23.50, 282.00, 12.00, 0, NULL, 'BPS', NULL, '2025-11-06 14:17:19', '2025-11-06 14:17:19'),
(754, '2023', 7, 39, 269, 1, 140, 10.50, 126.00, 12.00, 0, NULL, 'BPS', NULL, '2025-11-06 14:17:19', '2025-11-06 14:17:19'),
(755, '2023', 7, 39, 270, 1, 140, 10.50, 117.60, 11.20, 0, NULL, 'BPS', NULL, '2025-11-06 14:17:19', '2025-11-06 14:17:19'),
(756, '2023', 7, 39, 253, 1, 140, 35.00, 420.00, 12.00, 0, NULL, 'BPS', NULL, '2025-11-06 14:17:19', '2025-11-06 14:17:19'),
(757, '2023', 7, 39, 265, 1, 140, 2.00, 22.00, 11.00, 0, NULL, 'BPS', NULL, '2025-11-06 14:17:19', '2025-11-06 14:17:19'),
(760, '2023', 7, 39, 261, 1, 140, 11.50, 117.88, 10.25, 0, NULL, 'BPS', NULL, '2025-11-06 14:17:19', '2025-11-06 14:17:19'),
(761, '2023', 7, 39, 263, 1, 140, 21.50, 215.00, 10.00, 0, NULL, 'BPS', NULL, '2025-11-06 14:17:19', '2025-11-06 14:17:19'),
(762, '2023', 7, 39, 264, 1, 140, 12.00, 120.00, 10.00, 0, NULL, 'BPS', NULL, '2025-11-06 14:17:19', '2025-11-06 14:17:19'),
(763, '2023', 7, 39, 251, 1, 140, 20.00, 250.00, 12.50, 0, NULL, 'BPS', NULL, '2025-11-06 14:17:19', '2025-11-06 14:17:19'),
(764, '2023', 7, 39, 262, 1, 140, 27.00, 337.50, 12.50, 0, NULL, 'BPS', NULL, '2025-11-06 14:17:19', '2025-11-06 14:17:19'),
(765, '2023', 7, 39, 255, 1, 140, 1.00, 12.50, 12.50, 0, NULL, 'BPS', NULL, '2025-11-06 14:17:19', '2025-11-06 14:17:19'),
(766, '2023', 7, 39, 256, 1, 140, 20.50, 215.25, 10.50, 0, NULL, 'BPS', NULL, '2025-11-06 14:17:19', '2025-11-06 14:17:19'),
(767, '2023', 7, 39, 257, 1, 140, 39.50, 474.00, 12.00, 0, NULL, 'BPS', NULL, '2025-11-06 14:17:19', '2025-11-06 14:17:19'),
(768, '2023', 7, 39, 258, 1, 140, 13.00, 169.00, 13.00, 0, NULL, 'BPS', NULL, '2025-11-06 14:17:19', '2025-11-06 14:17:19'),
(769, '2023', 7, 39, 252, 1, 140, 23.75, 273.13, 11.50, 0, NULL, 'BPS', NULL, '2025-11-06 14:17:19', '2025-11-06 14:17:19'),
(770, '2023', 7, 39, 260, 1, 140, 16.25, 186.88, 11.50, 0, NULL, 'BPS', NULL, '2025-11-06 14:17:19', '2025-11-06 14:17:19'),
(771, '2023', 7, 39, 259, 1, 140, 36.25, 398.75, 11.00, 0, NULL, 'BPS', NULL, '2025-11-06 14:17:19', '2025-11-06 14:17:19'),
(772, '2023', 7, 39, 254, 1, 135, 16.00, 184.00, 11.50, 0, NULL, 'BPS', NULL, '2025-11-06 14:17:50', '2025-11-06 14:17:50'),
(773, '2023', 7, 39, 268, 1, 135, 5.00, 0.00, NULL, 0, NULL, 'BPS', NULL, '2025-11-06 14:17:50', '2025-11-06 14:17:50'),
(776, '2023', 7, 39, 253, 1, 135, 26.00, 273.00, 10.50, 0, NULL, 'BPS', NULL, '2025-11-06 14:17:50', '2025-11-06 14:17:50'),
(781, '2023', 7, 39, 263, 1, 135, 1.50, 16.50, 11.00, 0, NULL, 'BPS', NULL, '2025-11-06 14:17:50', '2025-11-06 14:17:50'),
(783, '2023', 7, 39, 251, 1, 135, 5.50, 66.00, 12.00, 0, NULL, 'BPS', NULL, '2025-11-06 14:17:50', '2025-11-06 14:17:50'),
(784, '2023', 7, 39, 262, 1, 135, 16.00, 200.00, 12.50, 0, NULL, 'BPS', NULL, '2025-11-06 14:17:50', '2025-11-06 14:17:50'),
(788, '2023', 7, 39, 258, 1, 135, 39.50, 0.00, NULL, 0, NULL, 'BPS', NULL, '2025-11-06 14:17:50', '2025-11-06 14:17:50'),
(789, '2023', 7, 39, 252, 1, 135, 1.75, 19.25, 11.00, 0, NULL, 'BPS', NULL, '2025-11-06 14:17:50', '2025-11-06 14:17:50'),
(790, '2023', 7, 39, 260, 1, 135, 5.50, 57.75, 10.50, 0, NULL, 'BPS', NULL, '2025-11-06 14:17:50', '2025-11-06 14:17:50'),
(791, '2023', 7, 39, 259, 1, 135, 2.00, 22.00, 11.00, 0, NULL, 'BPS', NULL, '2025-11-06 14:17:50', '2025-11-06 14:17:50'),
(796, '2023', 7, 39, 253, 1, 138, 0.50, 0.90, 1.80, 0, NULL, 'BPS', NULL, '2025-11-06 14:18:43', '2025-11-06 14:18:43'),
(800, '2023', 7, 39, 261, 1, 138, 15.25, 33.55, 2.20, 0, NULL, 'BPS', NULL, '2025-11-06 14:18:43', '2025-11-06 14:18:43'),
(802, '2023', 7, 39, 264, 1, 138, 143.00, 314.60, 2.20, 0, NULL, 'BPS', NULL, '2025-11-06 14:18:43', '2025-11-06 14:18:43'),
(804, '2023', 7, 39, 262, 1, 138, 3.50, 6.65, 1.90, 0, NULL, 'BPS', NULL, '2025-11-06 14:18:43', '2025-11-06 14:18:43'),
(805, '2023', 7, 39, 255, 1, 138, 1.50, 3.23, 2.15, 0, NULL, 'BPS', NULL, '2025-11-06 14:18:43', '2025-11-06 14:18:43'),
(806, '2023', 7, 39, 256, 1, 138, 12.25, 28.18, 2.30, 0, NULL, 'BPS', NULL, '2025-11-06 14:18:43', '2025-11-06 14:18:43'),
(807, '2023', 7, 39, 257, 1, 138, 158.75, 381.00, 2.40, 0, NULL, 'BPS', NULL, '2025-11-06 14:18:43', '2025-11-06 14:18:43'),
(808, '2023', 7, 39, 258, 1, 138, 2.00, 4.00, 2.00, 0, NULL, 'BPS', NULL, '2025-11-06 14:18:43', '2025-11-06 14:18:43'),
(809, '2023', 7, 39, 252, 1, 138, 13.00, 24.70, 1.90, 0, NULL, 'BPS', NULL, '2025-11-06 14:18:43', '2025-11-06 14:18:43'),
(810, '2023', 7, 39, 260, 1, 138, 41.50, 99.60, 2.40, 0, NULL, 'BPS', NULL, '2025-11-06 14:18:43', '2025-11-06 14:18:43'),
(811, '2023', 7, 39, 259, 1, 138, 17.00, 33.15, 1.95, 0, NULL, 'BPS', NULL, '2025-11-06 14:18:43', '2025-11-06 14:18:43'),
(820, '2023', 7, 39, 261, 1, 137, 3.40, 4.76, 1.40, 0, NULL, 'BPS', NULL, '2025-11-06 14:19:17', '2025-11-06 14:19:17'),
(822, '2023', 7, 39, 264, 1, 137, 9.00, 13.50, 1.50, 0, NULL, 'BPS', NULL, '2025-11-06 14:19:17', '2025-11-06 14:19:17'),
(823, '2023', 7, 39, 251, 1, 137, 5.00, 7.00, 1.40, 0, NULL, 'BPS', NULL, '2025-11-06 14:19:17', '2025-11-06 14:19:17'),
(824, '2023', 7, 39, 262, 1, 137, 1.50, 1.95, 1.30, 0, NULL, 'BPS', NULL, '2025-11-06 14:19:17', '2025-11-06 14:19:17'),
(825, '2023', 7, 39, 255, 1, 137, 2.50, 3.75, 1.50, 0, NULL, 'BPS', NULL, '2025-11-06 14:19:17', '2025-11-06 14:19:17'),
(826, '2023', 7, 39, 256, 1, 137, 1.75, 2.45, 1.40, 0, NULL, 'BPS', NULL, '2025-11-06 14:19:17', '2025-11-06 14:19:17'),
(827, '2023', 7, 39, 257, 1, 137, 19.00, 30.40, 1.60, 0, NULL, 'BPS', NULL, '2025-11-06 14:19:17', '2025-11-06 14:19:17'),
(829, '2023', 7, 39, 252, 1, 137, 0.50, 0.93, 1.86, 0, NULL, 'BPS', NULL, '2025-11-06 14:19:17', '2025-11-06 14:19:17'),
(830, '2023', 7, 39, 260, 1, 137, 12.75, 22.95, 1.80, 0, NULL, 'BPS', NULL, '2025-11-06 14:19:17', '2025-11-06 14:19:17'),
(831, '2023', 7, 39, 259, 1, 137, 8.00, 14.40, 1.80, 0, NULL, 'BPS', NULL, '2025-11-06 14:19:17', '2025-11-06 14:19:17'),
(833, '2023', 6, 36, 230, 2, 39, 1.00, 1.00, 1.00, 0, NULL, 'BPS', NULL, '2025-11-07 02:25:31', '2025-11-07 02:25:31'),
(834, '2023', 6, 36, 229, 2, 39, 2.00, 1.00, 0.50, 0, NULL, 'BPS', NULL, '2025-11-07 02:25:31', '2025-11-07 02:25:31'),
(841, '2023', 6, 36, 220, 2, 39, 5.00, 14.00, 2.80, 0, NULL, 'BPS', NULL, '2025-11-07 02:25:31', '2025-11-07 02:25:31'),
(842, '2023', 6, 36, 224, 2, 39, 2.00, 3.00, 1.50, 0, NULL, 'BPS', NULL, '2025-11-07 02:25:31', '2025-11-07 02:25:31'),
(845, '2023', 6, 36, 218, 2, 40, 1.00, 6.00, 6.00, 0, NULL, 'BPS', NULL, '2025-11-07 02:30:47', '2025-11-07 02:30:47'),
(846, '2023', 6, 36, 230, 2, 40, 1.00, 4.00, 4.00, 0, NULL, 'BPS', NULL, '2025-11-07 02:30:47', '2025-11-07 02:30:47'),
(847, '2023', 6, 36, 229, 2, 40, 2.00, 14.00, 7.00, 0, NULL, 'BPS', NULL, '2025-11-07 02:30:47', '2025-11-07 02:30:47'),
(854, '2023', 6, 36, 220, 2, 40, 11.00, 97.00, 8.82, 0, NULL, 'BPS', NULL, '2025-11-07 02:30:47', '2025-11-07 02:30:47'),
(855, '2023', 6, 36, 224, 2, 40, 3.00, 9.50, 3.17, 0, NULL, 'BPS', NULL, '2025-11-07 02:30:47', '2025-11-07 02:30:47'),
(857, '2023', 6, 36, 225, 2, 40, 1.00, 6.00, 6.00, 0, NULL, 'BPS', NULL, '2025-11-07 02:30:47', '2025-11-07 02:30:47'),
(858, '2023', 6, 36, 218, 2, 51, 47.00, 278.60, 5.93, 0, NULL, 'BPS', NULL, '2025-11-07 02:31:47', '2025-11-07 02:31:47'),
(859, '2023', 6, 36, 230, 2, 51, 80.00, 251.00, 3.14, 0, NULL, 'BPS', NULL, '2025-11-07 02:31:47', '2025-11-07 02:31:47'),
(860, '2023', 6, 36, 229, 2, 51, 43.00, 197.40, 4.59, 0, NULL, 'BPS', NULL, '2025-11-07 02:31:47', '2025-11-07 02:31:47'),
(861, '2023', 6, 36, 219, 2, 51, 46.00, 209.80, 4.56, 0, NULL, 'BPS', NULL, '2025-11-07 02:31:47', '2025-11-07 02:31:47'),
(862, '2023', 6, 36, 228, 2, 51, 51.00, 175.20, 3.44, 0, NULL, 'BPS', NULL, '2025-11-07 02:31:47', '2025-11-07 02:31:47'),
(863, '2023', 6, 36, 221, 2, 51, 29.00, 136.20, 4.70, 0, NULL, 'BPS', NULL, '2025-11-07 02:31:47', '2025-11-07 02:31:47'),
(864, '2023', 6, 36, 223, 2, 51, 71.00, 535.20, 7.54, 0, NULL, 'BPS', NULL, '2025-11-07 02:31:47', '2025-11-07 02:31:47'),
(865, '2023', 6, 36, 226, 2, 51, 18.00, 67.70, 3.76, 0, NULL, 'BPS', NULL, '2025-11-07 02:31:47', '2025-11-07 02:31:47'),
(866, '2023', 6, 36, 227, 2, 51, 26.00, 76.70, 2.95, 0, NULL, 'BPS', NULL, '2025-11-07 02:31:47', '2025-11-07 02:31:47'),
(867, '2023', 6, 36, 220, 2, 51, 116.00, 885.60, 7.63, 0, NULL, 'BPS', NULL, '2025-11-07 02:31:47', '2025-11-07 02:31:47'),
(868, '2023', 6, 36, 224, 2, 51, 66.00, 416.20, 6.31, 0, NULL, 'BPS', NULL, '2025-11-07 02:31:47', '2025-11-07 02:31:47'),
(869, '2023', 6, 36, 222, 2, 51, 23.00, 110.30, 4.80, 0, NULL, 'BPS', NULL, '2025-11-07 02:31:47', '2025-11-07 02:31:47'),
(870, '2023', 6, 36, 225, 2, 51, 26.00, 84.80, 3.26, 0, NULL, 'BPS', NULL, '2025-11-07 02:31:47', '2025-11-07 02:31:47'),
(873, '2023', 6, 36, 229, 2, 78, 3.00, 14.00, 4.67, 0, NULL, 'BPS', NULL, '2025-11-07 02:32:26', '2025-11-07 02:33:00'),
(880, '2023', 6, 36, 220, 2, 78, 11.00, 104.00, 9.45, 0, NULL, 'BPS', NULL, '2025-11-07 02:32:26', '2025-11-07 02:33:00'),
(881, '2023', 6, 36, 224, 2, 78, 9.00, 41.20, 4.58, 0, NULL, 'BPS', NULL, '2025-11-07 02:32:26', '2025-11-07 02:33:00'),
(885, '2023', 6, 36, 218, 2, 132, 1.00, 1.60, 1.60, 0, NULL, 'BPS', NULL, '2025-11-07 02:34:14', '2025-11-07 02:34:14'),
(887, '2023', 6, 36, 229, 2, 132, 3.00, 17.50, 5.83, 0, NULL, 'BPS', NULL, '2025-11-07 02:34:14', '2025-11-07 02:34:14'),
(888, '2023', 6, 36, 219, 2, 132, 1.00, 28.00, 28.00, 0, NULL, 'BPS', NULL, '2025-11-07 02:34:14', '2025-11-07 02:34:14'),
(891, '2023', 6, 36, 223, 2, 132, 2.00, 12.10, 6.05, 0, NULL, 'BPS', NULL, '2025-11-07 02:34:14', '2025-11-07 02:34:14'),
(892, '2023', 6, 36, 226, 2, 132, 2.00, 4.20, 2.10, 0, NULL, 'BPS', NULL, '2025-11-07 02:34:14', '2025-11-07 02:34:14'),
(894, '2023', 6, 36, 220, 2, 132, 4.00, 100.70, 25.18, 0, NULL, 'BPS', NULL, '2025-11-07 02:34:14', '2025-11-07 02:34:14'),
(897, '2023', 6, 36, 225, 2, 132, 1.00, 3.00, 3.00, 0, NULL, 'BPS', NULL, '2025-11-07 02:34:14', '2025-11-07 02:34:14'),
(898, '2023', 6, 36, 218, 2, 133, 3.00, 7.00, 2.33, 0, NULL, 'BPS', NULL, '2025-11-07 02:34:41', '2025-11-07 02:34:41'),
(899, '2023', 6, 36, 230, 2, 133, 5.00, 101.00, 20.20, 0, NULL, 'BPS', NULL, '2025-11-07 02:34:41', '2025-11-07 02:34:41'),
(900, '2023', 6, 36, 229, 2, 133, 3.00, 31.40, 10.47, 0, NULL, 'BPS', NULL, '2025-11-07 02:34:41', '2025-11-07 02:34:41'),
(901, '2023', 6, 36, 219, 2, 133, 2.00, 226.30, 113.15, 0, NULL, 'BPS', NULL, '2025-11-07 02:34:41', '2025-11-07 02:34:41'),
(903, '2023', 6, 36, 221, 2, 133, 2.00, 9.60, 4.80, 0, NULL, 'BPS', NULL, '2025-11-07 02:34:41', '2025-11-07 02:34:41'),
(904, '2023', 6, 36, 223, 2, 133, 3.00, 18.90, 6.30, 0, NULL, 'BPS', NULL, '2025-11-07 02:34:41', '2025-11-07 02:34:41'),
(905, '2023', 6, 36, 226, 2, 133, 3.00, 4.20, 1.40, 0, NULL, 'BPS', NULL, '2025-11-07 02:34:41', '2025-11-07 02:34:41'),
(907, '2023', 6, 36, 220, 2, 133, 8.00, 230.30, 28.79, 0, NULL, 'BPS', NULL, '2025-11-07 02:34:41', '2025-11-07 02:34:41'),
(908, '2023', 6, 36, 224, 2, 133, 12.00, 310.20, 25.85, 0, NULL, 'BPS', NULL, '2025-11-07 02:34:41', '2025-11-07 02:34:41'),
(909, '2023', 6, 36, 222, 2, 133, 7.00, 41.50, 5.93, 0, NULL, 'BPS', NULL, '2025-11-07 02:34:41', '2025-11-07 02:34:41'),
(910, '2023', 6, 36, 225, 2, 133, 2.00, 4.40, 2.20, 0, NULL, 'BPS', NULL, '2025-11-07 02:34:41', '2025-11-07 02:34:41'),
(917, '2023', 6, 36, 223, 2, 30, 0.00, 0.40, NULL, 0, NULL, 'BPS', NULL, '2025-11-07 02:35:54', '2025-11-07 02:35:54'),
(920, '2023', 6, 36, 220, 2, 30, 0.00, 1.40, NULL, 0, NULL, 'BPS', NULL, '2025-11-07 02:35:54', '2025-11-07 02:35:54'),
(921, '2023', 6, 36, 224, 2, 30, 0.00, 6.30, NULL, 0, NULL, 'BPS', NULL, '2025-11-07 02:35:54', '2025-11-07 02:35:54'),
(928, '2023', 6, 36, 228, 2, 58, 0.00, 3.00, NULL, 0, NULL, 'BPS', NULL, '2025-11-07 02:36:23', '2025-11-07 02:36:23'),
(930, '2023', 6, 36, 223, 2, 58, 0.00, 1.60, NULL, 0, NULL, 'BPS', NULL, '2025-11-07 02:36:23', '2025-11-07 02:36:23'),
(931, '2023', 6, 36, 226, 2, 58, 0.00, 5.00, NULL, 0, NULL, 'BPS', NULL, '2025-11-07 02:36:23', '2025-11-07 02:36:23'),
(935, '2023', 6, 36, 222, 2, 58, 0.00, 0.50, NULL, 0, NULL, 'BPS', NULL, '2025-11-07 02:36:23', '2025-11-07 02:36:23'),
(943, '2023', 6, 36, 223, 2, 59, 0.00, 0.50, NULL, 0, NULL, 'BPS', NULL, '2025-11-07 02:36:47', '2025-11-07 02:36:47'),
(946, '2023', 6, 36, 220, 2, 59, 0.00, 2.60, NULL, 0, NULL, 'BPS', NULL, '2025-11-07 02:36:47', '2025-11-07 02:36:47'),
(949, '2023', 6, 36, 225, 2, 59, 0.00, 0.40, NULL, 0, NULL, 'BPS', NULL, '2025-11-07 02:36:47', '2025-11-07 02:36:47'),
(950, '2023', 6, 36, 218, 2, 97, 0.00, 29.00, NULL, 0, NULL, 'BPS', NULL, '2025-11-07 02:37:27', '2025-11-07 02:37:27'),
(951, '2023', 6, 36, 230, 2, 97, 0.00, 101.60, NULL, 0, NULL, 'BPS', NULL, '2025-11-07 02:37:27', '2025-11-07 02:37:27'),
(952, '2023', 6, 36, 229, 2, 97, 0.00, 8.50, NULL, 0, NULL, 'BPS', NULL, '2025-11-07 02:37:27', '2025-11-07 02:37:27'),
(953, '2023', 6, 36, 219, 2, 97, 0.00, 35.50, NULL, 0, NULL, 'BPS', NULL, '2025-11-07 02:37:27', '2025-11-07 02:37:27'),
(954, '2023', 6, 36, 228, 2, 97, 0.00, 51.60, NULL, 0, NULL, 'BPS', NULL, '2025-11-07 02:37:27', '2025-11-07 02:37:27'),
(955, '2023', 6, 36, 221, 2, 97, 0.00, 49.70, NULL, 0, NULL, 'BPS', NULL, '2025-11-07 02:37:27', '2025-11-07 02:37:27'),
(956, '2023', 6, 36, 223, 2, 97, 0.00, 12.40, NULL, 0, NULL, 'BPS', NULL, '2025-11-07 02:37:27', '2025-11-07 02:37:27'),
(957, '2023', 6, 36, 226, 2, 97, 0.00, 45.40, NULL, 0, NULL, 'BPS', NULL, '2025-11-07 02:37:27', '2025-11-07 02:37:27'),
(958, '2023', 6, 36, 227, 2, 97, 0.00, 9.50, NULL, 0, NULL, 'BPS', NULL, '2025-11-07 02:37:27', '2025-11-07 02:37:27'),
(959, '2023', 6, 36, 220, 2, 97, 0.00, 6.10, NULL, 0, NULL, 'BPS', NULL, '2025-11-07 02:37:27', '2025-11-07 02:37:27'),
(960, '2023', 6, 36, 224, 2, 97, 0.00, 52.00, NULL, 0, NULL, 'BPS', NULL, '2025-11-07 02:37:27', '2025-11-07 02:37:27'),
(961, '2023', 6, 36, 222, 2, 97, 0.00, 13.90, NULL, 0, NULL, 'BPS', NULL, '2025-11-07 02:37:27', '2025-11-07 02:37:27'),
(966, '2023', 6, 36, 219, 2, 107, 0.00, 27.40, NULL, 0, NULL, 'BPS', NULL, '2025-11-07 02:37:54', '2025-11-07 02:37:54'),
(970, '2023', 6, 36, 226, 2, 107, 0.00, 21.40, NULL, 0, NULL, 'BPS', NULL, '2025-11-07 02:37:54', '2025-11-07 02:37:54'),
(971, '2023', 6, 36, 227, 2, 107, 0.00, 2.00, NULL, 0, NULL, 'BPS', NULL, '2025-11-07 02:37:54', '2025-11-07 02:37:54'),
(972, '2023', 6, 36, 220, 2, 107, 0.00, 4.70, NULL, 0, NULL, 'BPS', NULL, '2025-11-07 02:37:54', '2025-11-07 02:37:54'),
(973, '2023', 6, 36, 224, 2, 107, 0.00, 17.60, NULL, 0, NULL, 'BPS', NULL, '2025-11-07 02:37:54', '2025-11-07 02:37:54'),
(975, '2023', 6, 36, 225, 2, 107, 0.00, 37.20, NULL, 0, NULL, 'BPS', NULL, '2025-11-07 02:37:54', '2025-11-07 02:37:54'),
(979, '2023', 6, 36, 219, 2, 106, 0.00, 1.30, NULL, 0, NULL, 'BPS', NULL, '2025-11-07 02:38:21', '2025-11-07 02:38:21'),
(980, '2023', 6, 36, 228, 2, 106, 0.00, 0.80, NULL, 0, NULL, 'BPS', NULL, '2025-11-07 02:38:21', '2025-11-07 02:38:21'),
(981, '2023', 6, 36, 221, 2, 106, 0.00, 0.60, NULL, 0, NULL, 'BPS', NULL, '2025-11-07 02:38:21', '2025-11-07 02:38:21'),
(982, '2023', 6, 36, 223, 2, 106, 0.00, 3.10, NULL, 0, NULL, 'BPS', NULL, '2025-11-07 02:38:21', '2025-11-07 02:38:21'),
(986, '2023', 6, 36, 224, 2, 106, 0.00, 82.20, NULL, 0, NULL, 'BPS', NULL, '2025-11-07 02:38:21', '2025-11-07 02:38:21'),
(988, '2023', 6, 36, 225, 2, 106, 0.00, 8.70, NULL, 0, NULL, 'BPS', NULL, '2025-11-07 02:38:21', '2025-11-07 02:38:21'),
(989, '2023', 6, 36, 218, 2, 111, 0.00, 8.20, NULL, 0, NULL, 'BPS', NULL, '2025-11-07 02:38:41', '2025-11-07 02:38:41'),
(990, '2023', 6, 36, 230, 2, 111, 0.00, 16.50, NULL, 0, NULL, 'BPS', NULL, '2025-11-07 02:38:41', '2025-11-07 02:38:41'),
(991, '2023', 6, 36, 229, 2, 111, 0.00, 9.20, NULL, 0, NULL, 'BPS', NULL, '2025-11-07 02:38:41', '2025-11-07 02:38:41'),
(992, '2023', 6, 36, 219, 2, 111, 0.00, 19.60, NULL, 0, NULL, 'BPS', NULL, '2025-11-07 02:38:41', '2025-11-07 02:38:41'),
(994, '2023', 6, 36, 221, 2, 111, 0.00, 2.00, NULL, 0, NULL, 'BPS', NULL, '2025-11-07 02:38:41', '2025-11-07 02:38:41'),
(995, '2023', 6, 36, 223, 2, 111, 0.00, 89.60, NULL, 0, NULL, 'BPS', NULL, '2025-11-07 02:38:41', '2025-11-07 02:38:41'),
(996, '2023', 6, 36, 226, 2, 111, 0.00, 13.10, NULL, 0, NULL, 'BPS', NULL, '2025-11-07 02:38:41', '2025-11-07 02:38:41'),
(997, '2023', 6, 36, 227, 2, 111, 0.00, 1.70, NULL, 0, NULL, 'BPS', NULL, '2025-11-07 02:38:41', '2025-11-07 02:38:41'),
(998, '2023', 6, 36, 220, 2, 111, 0.00, 16.20, NULL, 0, NULL, 'BPS', NULL, '2025-11-07 02:38:41', '2025-11-07 02:38:41'),
(999, '2023', 6, 36, 224, 2, 111, 0.00, 28.90, NULL, 0, NULL, 'BPS', NULL, '2025-11-07 02:38:41', '2025-11-07 02:38:41'),
(1000, '2023', 6, 36, 222, 2, 111, 0.00, 5.60, NULL, 0, NULL, 'BPS', NULL, '2025-11-07 02:38:41', '2025-11-07 02:38:41'),
(1001, '2023', 6, 36, 225, 2, 111, 0.00, 10.30, NULL, 0, NULL, 'BPS', NULL, '2025-11-07 02:38:41', '2025-11-07 02:38:41'),
(1002, '2023', 6, 36, 218, 2, 115, 0.00, 23.00, NULL, 0, NULL, 'BPS', NULL, '2025-11-07 02:39:16', '2025-11-07 02:39:16'),
(1003, '2023', 6, 36, 230, 2, 115, 0.00, 47.50, NULL, 0, NULL, 'BPS', NULL, '2025-11-07 02:39:16', '2025-11-07 02:39:16'),
(1004, '2023', 6, 36, 229, 2, 115, 0.00, 27.70, NULL, 0, NULL, 'BPS', NULL, '2025-11-07 02:39:16', '2025-11-07 02:39:16'),
(1005, '2023', 6, 36, 219, 2, 115, 0.00, 39.10, NULL, 0, NULL, 'BPS', NULL, '2025-11-07 02:39:16', '2025-11-07 02:39:16'),
(1006, '2023', 6, 36, 228, 2, 115, 0.00, 12.00, NULL, 0, NULL, 'BPS', NULL, '2025-11-07 02:39:16', '2025-11-07 02:39:16'),
(1007, '2023', 6, 36, 221, 2, 115, 0.00, 9.30, NULL, 0, NULL, 'BPS', NULL, '2025-11-07 02:39:16', '2025-11-07 02:39:16'),
(1008, '2023', 6, 36, 223, 2, 115, 0.00, 99.10, NULL, 0, NULL, 'BPS', NULL, '2025-11-07 02:39:16', '2025-11-07 02:39:16'),
(1009, '2023', 6, 36, 226, 2, 115, 0.00, 80.30, NULL, 0, NULL, 'BPS', NULL, '2025-11-07 02:39:16', '2025-11-07 02:39:16'),
(1010, '2023', 6, 36, 227, 2, 115, 0.00, 5.00, NULL, 0, NULL, 'BPS', NULL, '2025-11-07 02:39:16', '2025-11-07 02:39:16'),
(1011, '2023', 6, 36, 220, 2, 115, 0.00, 88.20, NULL, 0, NULL, 'BPS', NULL, '2025-11-07 02:39:16', '2025-11-07 02:39:16'),
(1012, '2023', 6, 36, 224, 2, 115, 0.00, 77.10, NULL, 0, NULL, 'BPS', NULL, '2025-11-07 02:39:16', '2025-11-07 02:39:16'),
(1013, '2023', 6, 36, 222, 2, 115, 0.00, 24.80, NULL, 0, NULL, 'BPS', NULL, '2025-11-07 02:39:16', '2025-11-07 02:39:16'),
(1014, '2023', 6, 36, 225, 2, 115, 0.00, 30.80, NULL, 0, NULL, 'BPS', NULL, '2025-11-07 02:39:16', '2025-11-07 02:39:16'),
(1019, '2023', 6, 36, 228, 2, 117, 0.00, 21.00, NULL, 0, NULL, 'BPS', NULL, '2025-11-07 02:39:40', '2025-11-07 02:39:40'),
(1021, '2023', 6, 36, 223, 2, 117, 0.00, 4.20, NULL, 0, NULL, 'BPS', NULL, '2025-11-07 02:39:40', '2025-11-07 02:39:40'),
(1023, '2023', 6, 36, 227, 2, 117, 0.00, 8.00, NULL, 0, NULL, 'BPS', NULL, '2025-11-07 02:39:40', '2025-11-07 02:39:40'),
(1024, '2023', 6, 36, 220, 2, 117, 0.00, 202.50, NULL, 0, NULL, 'BPS', NULL, '2025-11-07 02:39:40', '2025-11-07 02:39:40'),
(1025, '2023', 6, 36, 224, 2, 117, 0.00, 166.60, NULL, 0, NULL, 'BPS', NULL, '2025-11-07 02:39:40', '2025-11-07 02:39:40'),
(1032, '2023', 6, 36, 228, 2, 128, 0.00, 0.40, NULL, 0, NULL, 'BPS', NULL, '2025-11-07 02:40:07', '2025-11-07 02:40:07'),
(1037, '2023', 6, 36, 220, 2, 128, 0.00, 0.20, NULL, 0, NULL, 'BPS', NULL, '2025-11-07 02:40:07', '2025-11-07 02:40:07'),
(1038, '2023', 6, 36, 224, 2, 128, 0.00, 0.80, NULL, 0, NULL, 'BPS', NULL, '2025-11-07 02:40:07', '2025-11-07 02:40:07'),
(1041, '2023', 6, 36, 220, 2, 82, 2.00, 0.80, 0.40, 0, NULL, 'BPS', NULL, '2025-11-07 02:41:06', '2025-11-07 02:41:06'),
(1042, '2023', 6, 36, 220, 2, 85, 8.00, 152.00, 19.00, 0, NULL, 'BPS', NULL, '2025-11-07 02:41:56', '2025-11-07 02:41:56'),
(1043, '2023', 6, 36, 224, 2, 85, 4.00, 116.00, 29.00, 0, NULL, 'BPS', NULL, '2025-11-07 02:42:20', '2025-11-07 02:42:20'),
(1044, '2023', 6, 36, 220, 2, 113, 4.00, 12.60, 3.15, 0, NULL, 'BPS', NULL, '2025-11-07 02:42:57', '2025-11-07 02:42:57'),
(1045, '2023', 6, 36, 224, 2, 113, 3.00, 2.80, 0.93, 0, NULL, 'BPS', NULL, '2025-11-07 02:43:22', '2025-11-07 02:43:22'),
(1046, '2023', 6, 36, 224, 2, 71, 0.00, 1.50, NULL, 0, NULL, 'BPS', NULL, '2025-11-07 02:44:03', '2025-11-07 02:44:03'),
(1047, '2023', 6, 36, 220, 2, 112, NULL, 1.80, NULL, 0, NULL, 'BPS', NULL, '2025-11-07 02:44:30', '2025-11-07 02:44:30'),
(1048, '2023', 6, 36, 224, 2, 112, NULL, 2.80, NULL, 0, NULL, 'BPS', NULL, '2025-11-07 02:44:54', '2025-11-07 02:44:54'),
(1049, '2023', 6, 36, 218, 3, 149, 1864.00, 1995.00, 1.07, 0, NULL, 'BPS', NULL, '2025-11-07 02:46:17', '2025-11-07 02:46:17'),
(1050, '2023', 6, 36, 230, 3, 149, 1862.00, 1566.00, 0.84, 0, NULL, 'BPS', NULL, '2025-11-07 02:46:17', '2025-11-07 02:46:17'),
(1051, '2023', 6, 36, 229, 3, 149, 2075.00, 2320.50, 1.12, 0, NULL, 'BPS', NULL, '2025-11-07 02:46:17', '2025-11-07 02:46:17'),
(1052, '2023', 6, 36, 219, 3, 149, 1933.00, 2291.25, 1.19, 0, NULL, 'BPS', NULL, '2025-11-07 02:46:17', '2025-11-07 02:46:17'),
(1053, '2023', 6, 36, 228, 3, 149, 1568.00, 1584.00, 1.01, 0, NULL, 'BPS', NULL, '2025-11-07 02:46:17', '2025-11-07 02:46:17'),
(1054, '2023', 6, 36, 221, 3, 149, 975.00, 1027.50, 1.05, 0, NULL, 'BPS', NULL, '2025-11-07 02:46:17', '2025-11-07 02:46:17'),
(1055, '2023', 6, 36, 223, 3, 149, 1923.00, 2266.50, 1.18, 0, NULL, 'BPS', NULL, '2025-11-07 02:46:17', '2025-11-07 02:46:17'),
(1056, '2023', 6, 36, 226, 3, 149, 1093.00, 1335.00, 1.22, 0, NULL, 'BPS', NULL, '2025-11-07 02:46:17', '2025-11-07 02:46:17'),
(1057, '2023', 6, 36, 227, 3, 149, 1027.00, 1243.50, 1.21, 0, NULL, 'BPS', NULL, '2025-11-07 02:46:17', '2025-11-07 02:46:17'),
(1058, '2023', 6, 36, 220, 3, 149, 2689.00, 3433.50, 1.28, 0, NULL, 'BPS', NULL, '2025-11-07 02:46:17', '2025-11-07 02:46:17'),
(1059, '2023', 6, 36, 224, 3, 149, 792.00, 264.00, 0.33, 0, NULL, 'BPS', NULL, '2025-11-07 02:46:17', '2025-11-07 02:46:17'),
(1060, '2023', 6, 36, 222, 3, 149, 1288.00, 1471.50, 1.14, 0, NULL, 'BPS', NULL, '2025-11-07 02:46:17', '2025-11-07 02:46:17'),
(1061, '2023', 6, 36, 225, 3, 149, 898.00, 777.15, 0.87, 0, NULL, 'BPS', NULL, '2025-11-07 02:46:17', '2025-11-07 02:46:17'),
(1062, '2023', 6, 36, 218, 3, 146, 82.00, 0.00, NULL, 0, NULL, 'BPS', NULL, '2025-11-07 02:46:57', '2025-11-07 02:46:57'),
(1063, '2023', 6, 36, 230, 3, 146, 333.00, 44.20, 0.13, 0, NULL, 'BPS', NULL, '2025-11-07 02:46:57', '2025-11-07 02:46:57'),
(1064, '2023', 6, 36, 229, 3, 146, 87.00, 3.16, 0.04, 0, NULL, 'BPS', NULL, '2025-11-07 02:46:57', '2025-11-07 02:46:57'),
(1065, '2023', 6, 36, 219, 3, 146, 96.00, 12.63, 0.13, 0, NULL, 'BPS', NULL, '2025-11-07 02:46:57', '2025-11-07 02:46:57'),
(1066, '2023', 6, 36, 228, 3, 146, 187.00, 36.98, 0.20, 0, NULL, 'BPS', NULL, '2025-11-07 02:46:57', '2025-11-07 02:46:57'),
(1068, '2023', 6, 36, 223, 3, 146, 85.00, 27.96, 0.33, 0, NULL, 'BPS', NULL, '2025-11-07 02:46:57', '2025-11-07 02:46:57'),
(1071, '2023', 6, 36, 220, 3, 146, 399.00, 71.26, 0.18, 0, NULL, 'BPS', NULL, '2025-11-07 02:46:57', '2025-11-07 02:46:57'),
(1072, '2023', 6, 36, 224, 3, 146, 2687.00, 728.58, 0.27, 0, NULL, 'BPS', NULL, '2025-11-07 02:46:57', '2025-11-07 02:46:57'),
(1074, '2023', 6, 36, 225, 3, 146, 25.00, 4.51, 0.18, 0, NULL, 'BPS', NULL, '2025-11-07 02:46:57', '2025-11-07 02:46:57'),
(1076, '2023', 6, 36, 230, 3, 152, 11.00, 0.28, 0.03, 0, NULL, 'BPS', NULL, '2025-11-07 02:48:24', '2025-11-07 02:48:24'),
(1077, '2023', 6, 36, 229, 3, 152, 4.00, 0.00, NULL, 0, NULL, 'BPS', NULL, '2025-11-07 02:48:24', '2025-11-07 02:48:24'),
(1078, '2023', 6, 36, 219, 3, 152, 2.00, 0.07, 0.04, 0, NULL, 'BPS', NULL, '2025-11-07 02:48:24', '2025-11-07 02:48:24'),
(1079, '2023', 6, 36, 228, 3, 152, 4.00, 0.07, 0.02, 0, NULL, 'BPS', NULL, '2025-11-07 02:48:24', '2025-11-07 02:48:24'),
(1084, '2023', 6, 36, 220, 3, 152, 3.00, 0.18, 0.06, 0, NULL, 'BPS', NULL, '2025-11-07 02:48:24', '2025-11-07 02:48:24'),
(1085, '2023', 6, 36, 224, 3, 152, 31.00, 1.45, 0.05, 0, NULL, 'BPS', NULL, '2025-11-07 02:48:24', '2025-11-07 02:48:24'),
(1088, '2023', 6, 36, 218, 3, 145, 81.00, 8.23, 0.10, 0, NULL, 'BPS', NULL, '2025-11-07 02:48:59', '2025-11-07 02:48:59'),
(1089, '2023', 6, 36, 230, 3, 145, 100.00, 12.17, 0.12, 0, NULL, 'BPS', NULL, '2025-11-07 02:48:59', '2025-11-07 02:48:59'),
(1090, '2023', 6, 36, 229, 3, 145, 70.00, 4.12, 0.06, 0, NULL, 'BPS', NULL, '2025-11-07 02:48:59', '2025-11-07 02:48:59'),
(1091, '2023', 6, 36, 219, 3, 145, 50.00, 3.40, 0.07, 0, NULL, 'BPS', NULL, '2025-11-07 02:48:59', '2025-11-07 02:48:59'),
(1092, '2023', 6, 36, 228, 3, 145, 125.00, 11.46, 0.09, 0, NULL, 'BPS', NULL, '2025-11-07 02:48:59', '2025-11-07 02:48:59'),
(1093, '2023', 6, 36, 221, 3, 145, 25.00, 0.00, NULL, 0, NULL, 'BPS', NULL, '2025-11-07 02:48:59', '2025-11-07 02:48:59'),
(1094, '2023', 6, 36, 223, 3, 145, 35.00, 3.94, 0.11, 0, NULL, 'BPS', NULL, '2025-11-07 02:48:59', '2025-11-07 02:48:59'),
(1095, '2023', 6, 36, 226, 3, 145, 17.00, 3.04, 0.18, 0, NULL, 'BPS', NULL, '2025-11-07 02:49:00', '2025-11-07 02:49:00'),
(1096, '2023', 6, 36, 227, 3, 145, 6.00, 0.00, NULL, 0, NULL, 'BPS', NULL, '2025-11-07 02:49:00', '2025-11-07 02:49:00'),
(1097, '2023', 6, 36, 220, 3, 145, 167.00, 6.27, 0.04, 0, NULL, 'BPS', NULL, '2025-11-07 02:49:00', '2025-11-07 02:49:00'),
(1099, '2023', 6, 36, 222, 3, 145, 36.00, 4.30, 0.12, 0, NULL, 'BPS', NULL, '2025-11-07 02:49:00', '2025-11-07 02:49:00'),
(1101, '2023', 6, 36, 218, 3, 144, 20.00, 0.00, NULL, 0, NULL, 'BPS', NULL, '2025-11-07 02:49:27', '2025-11-07 02:49:27'),
(1102, '2023', 6, 36, 230, 3, 144, 241.00, 8.85, 0.04, 0, NULL, 'BPS', NULL, '2025-11-07 02:49:27', '2025-11-07 02:49:27'),
(1103, '2023', 6, 36, 229, 3, 144, 19.00, 0.00, NULL, 0, NULL, 'BPS', NULL, '2025-11-07 02:49:27', '2025-11-07 02:49:27'),
(1104, '2023', 6, 36, 219, 3, 144, 228.00, 0.00, NULL, 0, NULL, 'BPS', NULL, '2025-11-07 02:49:27', '2025-11-07 02:49:27'),
(1105, '2023', 6, 36, 228, 3, 144, 318.00, 2.75, 0.01, 0, NULL, 'BPS', NULL, '2025-11-07 02:49:27', '2025-11-07 02:49:27'),
(1108, '2023', 6, 36, 226, 3, 144, 26.00, 0.00, NULL, 0, NULL, 'BPS', NULL, '2025-11-07 02:49:27', '2025-11-07 02:49:27'),
(1110, '2023', 6, 36, 220, 3, 144, 10.00, 1.53, 0.15, 0, NULL, 'BPS', NULL, '2025-11-07 02:49:27', '2025-11-07 02:49:27'),
(1111, '2023', 6, 36, 224, 3, 144, 328.00, 10.68, 0.03, 0, NULL, 'BPS', NULL, '2025-11-07 02:49:27', '2025-11-07 02:49:27'),
(1113, '2023', 6, 36, 225, 3, 144, 327.00, 7.62, 0.02, 0, NULL, 'BPS', NULL, '2025-11-07 02:49:27', '2025-11-07 02:49:27'),
(1115, '2023', 6, 36, 230, 3, 154, 162.00, 0.00, NULL, 0, NULL, 'BPS', NULL, '2025-11-07 02:50:57', '2025-11-07 02:50:57'),
(1116, '2023', 6, 36, 229, 3, 154, 64.00, 1.20, 0.02, 0, NULL, 'BPS', NULL, '2025-11-07 02:50:57', '2025-11-07 02:50:57'),
(1117, '2023', 6, 36, 219, 3, 154, 4.00, 0.00, NULL, 0, NULL, 'BPS', NULL, '2025-11-07 02:50:57', '2025-11-07 02:50:57'),
(1118, '2023', 6, 36, 228, 3, 154, 223.00, 1.80, 0.01, 0, NULL, 'BPS', NULL, '2025-11-07 02:50:57', '2025-11-07 02:50:57'),
(1121, '2023', 6, 36, 226, 3, 154, 36.00, 0.00, NULL, 0, NULL, 'BPS', NULL, '2025-11-07 02:50:57', '2025-11-07 02:50:57'),
(1124, '2023', 6, 36, 224, 3, 154, 357.00, 0.15, 0.00, 0, NULL, 'BPS', NULL, '2025-11-07 02:50:57', '2025-11-07 02:50:57'),
(1125, '2023', 6, 36, 222, 3, 154, NULL, 0.00, NULL, 0, NULL, 'BPS', NULL, '2025-11-07 02:50:57', '2025-11-07 02:50:57'),
(1126, '2023', 6, 36, 225, 3, 154, 400.00, 7.89, 0.02, 0, NULL, 'BPS', NULL, '2025-11-07 02:50:57', '2025-11-07 02:50:57'),
(1127, '2023', 9, 71, 684, 2, 40, 21.00, 245.40, 11.69, 0, NULL, 'BPS', NULL, '2025-11-07 10:16:50', '2025-11-07 10:16:50'),
(1128, '2023', 9, 71, 685, 2, 40, 16.00, 183.20, 11.45, 0, NULL, 'BPS', NULL, '2025-11-07 10:16:50', '2025-11-07 10:16:50'),
(1130, '2023', 9, 71, 687, 2, 40, 2.00, 17.60, 8.80, 0, NULL, 'BPS', NULL, '2025-11-07 10:16:50', '2025-11-07 10:16:50'),
(1133, '2023', 9, 71, 690, 2, 40, 10.00, 116.00, 11.60, 0, NULL, 'BPS', NULL, '2025-11-07 10:16:50', '2025-11-07 10:16:50'),
(1134, '2023', 9, 71, 691, 2, 40, 14.00, 340.50, 24.32, 0, NULL, 'BPS', NULL, '2025-11-07 10:16:50', '2025-11-07 10:16:50'),
(1135, '2023', 9, 71, 684, 2, 49, 12.00, 547.20, 45.60, 0, NULL, 'BPS', NULL, '2025-11-07 10:17:58', '2025-11-07 10:17:58'),
(1136, '2023', 9, 71, 685, 2, 49, 88.00, 2155.50, 24.49, 0, NULL, 'BPS', NULL, '2025-11-07 10:17:58', '2025-11-07 10:17:58'),
(1138, '2023', 9, 71, 687, 2, 49, 1.00, 19.50, 19.50, 0, NULL, 'BPS', NULL, '2025-11-07 10:17:58', '2025-11-07 10:17:58'),
(1139, '2023', 9, 71, 688, 2, 49, 0.00, 4.00, NULL, 0, NULL, 'BPS', NULL, '2025-11-07 10:17:58', '2025-11-07 10:17:58'),
(1141, '2023', 9, 71, 690, 2, 49, 6.00, 178.60, 29.77, 0, NULL, 'BPS', NULL, '2025-11-07 10:17:58', '2025-11-07 10:17:58'),
(1142, '2023', 9, 71, 691, 2, 49, 20.00, 757.00, 37.85, 0, NULL, 'BPS', NULL, '2025-11-07 10:17:58', '2025-11-07 10:17:58'),
(1151, '2023', 9, 71, 684, 2, 51, 16.00, 336.60, 21.04, 0, NULL, 'BPS', NULL, '2025-11-07 10:23:01', '2025-11-07 10:23:01'),
(1152, '2023', 9, 71, 685, 2, 51, 685.00, 7797.90, 11.38, 0, NULL, 'BPS', NULL, '2025-11-07 10:23:01', '2025-11-07 10:23:01'),
(1154, '2023', 9, 71, 687, 2, 51, 2.00, 27.10, 13.55, 0, NULL, 'BPS', NULL, '2025-11-07 10:23:01', '2025-11-07 10:23:01'),
(1155, '2023', 9, 71, 688, 2, 51, 1.00, 3.10, 3.10, 0, NULL, 'BPS', NULL, '2025-11-07 10:23:01', '2025-11-07 10:23:01'),
(1156, '2023', 9, 71, 689, 2, 51, 5.00, 42.30, 8.46, 0, NULL, 'BPS', NULL, '2025-11-07 10:23:01', '2025-11-07 10:23:01'),
(1157, '2023', 9, 71, 690, 2, 51, 50.00, 307.20, 6.14, 0, NULL, 'BPS', NULL, '2025-11-07 10:23:01', '2025-11-07 10:23:01'),
(1158, '2023', 9, 71, 691, 2, 51, 41.00, 217.00, 5.29, 0, NULL, 'BPS', NULL, '2025-11-07 10:23:01', '2025-11-07 10:23:01'),
(1159, '2023', 9, 71, 684, 2, 86, 41.00, 654.80, 15.97, 0, NULL, 'BPS', NULL, '2025-11-07 10:23:01', '2025-11-07 10:23:01'),
(1167, '2023', 9, 71, 684, 2, 133, 20.00, 1423.50, 71.18, 0, NULL, 'BPS', NULL, '2025-11-07 10:23:01', '2025-11-07 10:23:01'),
(1173, '2023', 9, 71, 690, 2, 133, 0.00, 6.00, NULL, 0, NULL, 'BPS', NULL, '2025-11-07 10:23:01', '2025-11-07 10:23:01'),
(1181, '2023', 9, 71, 690, 2, 41, 10.00, 9.70, 0.97, 0, NULL, 'BPS', NULL, '2025-11-07 10:23:01', '2025-11-07 10:23:01'),
(1182, '2023', 9, 71, 691, 2, 41, 10.00, 69.00, 6.90, 0, NULL, 'BPS', NULL, '2025-11-07 10:23:01', '2025-11-07 10:23:01'),
(1183, '2023', 9, 71, 684, 2, 113, 35.00, 504.30, 14.41, 0, NULL, 'BPS', NULL, '2025-11-07 10:23:01', '2025-11-07 10:23:01'),
(1184, '2023', 9, 71, 685, 2, 113, 485.00, 6952.00, 14.33, 0, NULL, 'BPS', NULL, '2025-11-07 10:23:01', '2025-11-07 10:23:01'),
(1191, '2023', 9, 71, 684, 2, 97, 0.00, 4.40, NULL, 0, NULL, 'BPS', NULL, '2025-11-07 10:26:40', '2025-11-07 10:26:40'),
(1192, '2023', 9, 71, 685, 2, 97, 0.00, 10.80, NULL, 0, NULL, 'BPS', NULL, '2025-11-07 10:26:40', '2025-11-07 10:26:40'),
(1193, '2023', 9, 71, 686, 2, 97, 0.00, 1085.00, NULL, 0, NULL, 'BPS', NULL, '2025-11-07 10:26:40', '2025-11-07 10:26:40'),
(1194, '2023', 9, 71, 687, 2, 97, 0.00, 1190.20, NULL, 0, NULL, 'BPS', NULL, '2025-11-07 10:26:40', '2025-11-07 10:26:40'),
(1195, '2023', 9, 71, 688, 2, 97, 0.00, 18.10, NULL, 0, NULL, 'BPS', NULL, '2025-11-07 10:26:40', '2025-11-07 10:26:40'),
(1196, '2023', 9, 71, 689, 2, 97, 0.00, 45.70, NULL, 0, NULL, 'BPS', NULL, '2025-11-07 10:26:40', '2025-11-07 10:26:40'),
(1198, '2023', 9, 71, 691, 2, 97, 0.00, 8336.30, NULL, 0, NULL, 'BPS', NULL, '2025-11-07 10:26:40', '2025-11-07 10:26:40'),
(1199, '2023', 9, 71, 684, 2, 59, 0.00, 260.70, NULL, 0, NULL, 'BPS', NULL, '2025-11-07 10:26:40', '2025-11-07 10:26:40'),
(1200, '2023', 9, 71, 685, 2, 59, 0.00, 344.40, NULL, 0, NULL, 'BPS', NULL, '2025-11-07 10:26:41', '2025-11-07 10:26:41'),
(1201, '2023', 9, 71, 686, 2, 59, 0.00, 733.30, NULL, 0, NULL, 'BPS', NULL, '2025-11-07 10:26:41', '2025-11-07 10:26:41'),
(1202, '2023', 9, 71, 687, 2, 59, 0.00, 595.90, NULL, 0, NULL, 'BPS', NULL, '2025-11-07 10:26:41', '2025-11-07 10:26:41'),
(1203, '2023', 9, 71, 688, 2, 59, 0.00, 235.90, NULL, 0, NULL, 'BPS', NULL, '2025-11-07 10:26:41', '2025-11-07 10:26:41'),
(1204, '2023', 9, 71, 689, 2, 59, 0.00, 772.40, NULL, 0, NULL, 'BPS', NULL, '2025-11-07 10:26:41', '2025-11-07 10:26:41'),
(1205, '2023', 9, 71, 690, 2, 59, 0.00, 311.90, NULL, 0, NULL, 'BPS', NULL, '2025-11-07 10:26:41', '2025-11-07 10:26:41'),
(1206, '2023', 9, 71, 691, 2, 59, 0.00, 20.40, NULL, 0, NULL, 'BPS', NULL, '2025-11-07 10:26:41', '2025-11-07 10:26:41'),
(1207, '2023', 9, 71, 684, 2, 75, 0.00, 11.20, NULL, 0, NULL, 'BPS', NULL, '2025-11-07 10:26:41', '2025-11-07 10:26:41'),
(1208, '2023', 9, 71, 685, 2, 75, 0.00, 0.50, NULL, 0, NULL, 'BPS', NULL, '2025-11-07 10:26:41', '2025-11-07 10:26:41'),
(1210, '2023', 9, 71, 687, 2, 75, 0.00, 5.80, NULL, 0, NULL, 'BPS', NULL, '2025-11-07 10:26:41', '2025-11-07 10:26:41'),
(1211, '2023', 9, 71, 688, 2, 75, 0.00, 0.90, NULL, 0, NULL, 'BPS', NULL, '2025-11-07 10:26:41', '2025-11-07 10:26:41'),
(1212, '2023', 9, 71, 689, 2, 75, 0.00, 368.00, NULL, 0, NULL, 'BPS', NULL, '2025-11-07 10:26:41', '2025-11-07 10:26:41'),
(1213, '2023', 9, 71, 690, 2, 75, 0.00, 24.00, NULL, 0, NULL, 'BPS', NULL, '2025-11-07 10:26:41', '2025-11-07 10:26:41'),
(1214, '2023', 9, 71, 691, 2, 75, 0.00, 20.50, NULL, 0, NULL, 'BPS', NULL, '2025-11-07 10:26:41', '2025-11-07 10:26:41'),
(1215, '2023', 9, 71, 684, 2, 115, 0.00, 304.90, NULL, 0, NULL, 'BPS', NULL, '2025-11-07 10:26:41', '2025-11-07 10:26:41'),
(1216, '2023', 9, 71, 685, 2, 115, 0.00, 30.50, NULL, 0, NULL, 'BPS', NULL, '2025-11-07 10:26:41', '2025-11-07 10:26:41'),
(1217, '2023', 9, 71, 686, 2, 115, 0.00, 20202.00, NULL, 0, NULL, 'BPS', NULL, '2025-11-07 10:26:41', '2025-11-07 10:26:41'),
(1218, '2023', 9, 71, 687, 2, 115, 0.00, 234.70, NULL, 0, NULL, 'BPS', NULL, '2025-11-07 10:26:41', '2025-11-07 10:26:41'),
(1219, '2023', 9, 71, 688, 2, 115, 0.00, 279.90, NULL, 0, NULL, 'BPS', NULL, '2025-11-07 10:26:41', '2025-11-07 10:26:41'),
(1220, '2023', 9, 71, 689, 2, 115, 0.00, 753.00, NULL, 0, NULL, 'BPS', NULL, '2025-11-07 10:26:41', '2025-11-07 10:26:41'),
(1221, '2023', 9, 71, 690, 2, 115, 0.00, 918.10, NULL, 0, NULL, 'BPS', NULL, '2025-11-07 10:26:41', '2025-11-07 10:26:41'),
(1222, '2023', 9, 71, 691, 2, 115, 0.00, 294.80, NULL, 0, NULL, 'BPS', NULL, '2025-11-07 10:26:41', '2025-11-07 10:26:41'),
(1223, '2023', 9, 71, 684, 2, 111, 0.00, 1.60, NULL, 0, NULL, 'BPS', NULL, '2025-11-07 10:26:41', '2025-11-07 10:26:41'),
(1224, '2023', 9, 71, 685, 2, 111, 0.00, 28.20, NULL, 0, NULL, 'BPS', NULL, '2025-11-07 10:26:41', '2025-11-07 10:26:41'),
(1225, '2023', 9, 71, 686, 2, 111, 0.00, 16.80, NULL, 0, NULL, 'BPS', NULL, '2025-11-07 10:26:41', '2025-11-07 10:26:41'),
(1226, '2023', 9, 71, 687, 2, 111, 0.00, 292.70, NULL, 0, NULL, 'BPS', NULL, '2025-11-07 10:26:41', '2025-11-07 10:26:41'),
(1227, '2023', 9, 71, 688, 2, 111, 0.00, 617.00, NULL, 0, NULL, 'BPS', NULL, '2025-11-07 10:26:41', '2025-11-07 10:26:41'),
(1228, '2023', 9, 71, 689, 2, 111, 0.00, 105.20, NULL, 0, NULL, 'BPS', NULL, '2025-11-07 10:26:41', '2025-11-07 10:26:41'),
(1229, '2023', 9, 71, 690, 2, 111, 0.00, 120.50, NULL, 0, NULL, 'BPS', NULL, '2025-11-07 10:26:41', '2025-11-07 10:26:41'),
(1230, '2023', 9, 71, 691, 2, 111, 0.00, 23.30, NULL, 0, NULL, 'BPS', NULL, '2025-11-07 10:26:41', '2025-11-07 10:26:41'),
(1231, '2023', 9, 71, 684, 2, 125, 0.00, 192.20, NULL, 0, NULL, 'BPS', NULL, '2025-11-07 10:26:41', '2025-11-07 10:26:41'),
(1232, '2023', 9, 71, 685, 2, 125, 0.00, 27.70, NULL, 0, NULL, 'BPS', NULL, '2025-11-07 10:26:41', '2025-11-07 10:26:41'),
(1233, '2023', 9, 71, 686, 2, 125, 0.00, 60.00, NULL, 0, NULL, 'BPS', NULL, '2025-11-07 10:26:41', '2025-11-07 10:26:41'),
(1234, '2023', 9, 71, 687, 2, 125, 0.00, 12.50, NULL, 0, NULL, 'BPS', NULL, '2025-11-07 10:26:41', '2025-11-07 10:26:41'),
(1236, '2023', 9, 71, 689, 2, 125, 0.00, 12398.40, NULL, 0, NULL, 'BPS', NULL, '2025-11-07 10:26:41', '2025-11-07 10:26:41'),
(1237, '2023', 9, 71, 690, 2, 125, 0.00, 11370.00, NULL, 0, NULL, 'BPS', NULL, '2025-11-07 10:26:41', '2025-11-07 10:26:41'),
(1239, '2023', 9, 71, 684, 2, 98, 0.00, 60.50, NULL, 0, NULL, 'BPS', NULL, '2025-11-07 10:26:41', '2025-11-07 10:26:41'),
(1240, '2023', 9, 71, 685, 2, 98, 0.00, 70.80, NULL, 0, NULL, 'BPS', NULL, '2025-11-07 10:26:41', '2025-11-07 10:26:41'),
(1241, '2023', 9, 71, 686, 2, 98, 0.00, 222.50, NULL, 0, NULL, 'BPS', NULL, '2025-11-07 10:26:41', '2025-11-07 10:26:41'),
(1242, '2023', 9, 71, 687, 2, 98, 0.00, 489.40, NULL, 0, NULL, 'BPS', NULL, '2025-11-07 10:26:41', '2025-11-07 10:26:41'),
(1243, '2023', 9, 71, 688, 2, 98, 0.00, 26.40, NULL, 0, NULL, 'BPS', NULL, '2025-11-07 10:26:41', '2025-11-07 10:26:41'),
(1244, '2023', 9, 71, 689, 2, 98, 0.00, 21.30, NULL, 0, NULL, 'BPS', NULL, '2025-11-07 10:26:41', '2025-11-07 10:26:41'),
(1247, '2023', 9, 71, 684, 2, 121, 0.00, 14.20, NULL, 0, NULL, 'BPS', NULL, '2025-11-07 10:26:41', '2025-11-07 10:26:41'),
(1248, '2023', 9, 71, 685, 2, 121, 0.00, 1.80, NULL, 0, NULL, 'BPS', NULL, '2025-11-07 10:26:41', '2025-11-07 10:26:41'),
(1249, '2023', 9, 71, 686, 2, 121, 0.00, 1152.00, NULL, 0, NULL, 'BPS', NULL, '2025-11-07 10:26:41', '2025-11-07 10:26:41'),
(1250, '2023', 9, 71, 687, 2, 121, 0.00, 322.20, NULL, 0, NULL, 'BPS', NULL, '2025-11-07 10:26:41', '2025-11-07 10:26:41'),
(1251, '2023', 9, 71, 688, 2, 121, 0.00, 151.60, NULL, 0, NULL, 'BPS', NULL, '2025-11-07 10:26:41', '2025-11-07 10:26:41'),
(1252, '2023', 9, 71, 689, 2, 121, 0.00, 15.20, NULL, 0, NULL, 'BPS', NULL, '2025-11-07 10:26:41', '2025-11-07 10:26:41'),
(1253, '2023', 9, 71, 690, 2, 121, 0.00, 10.70, NULL, 0, NULL, 'BPS', NULL, '2025-11-07 10:26:41', '2025-11-07 10:26:41'),
(1254, '2023', 9, 71, 691, 2, 121, 0.00, 62.10, NULL, 0, NULL, 'BPS', NULL, '2025-11-07 10:26:41', '2025-11-07 10:26:41'),
(1255, '2023', 9, 71, 684, 3, 149, 948.50, 937.34, 0.99, 0, NULL, 'BPS', NULL, '2025-11-07 10:31:23', '2025-11-07 10:31:23'),
(1256, '2023', 9, 71, 685, 3, 149, 1158.51, 924.40, 0.80, 0, NULL, 'BPS', NULL, '2025-11-07 10:31:23', '2025-11-07 10:31:23'),
(1257, '2023', 9, 71, 686, 3, 149, 3107.26, 2676.81, 0.86, 0, NULL, 'BPS', NULL, '2025-11-07 10:31:23', '2025-11-07 10:31:23'),
(1258, '2023', 9, 71, 687, 3, 149, 3188.50, 2842.60, 0.89, 0, NULL, 'BPS', NULL, '2025-11-07 10:31:23', '2025-11-07 10:31:23'),
(1259, '2023', 9, 71, 688, 3, 149, 4326.50, 3973.88, 0.92, 0, NULL, 'BPS', NULL, '2025-11-07 10:31:23', '2025-11-07 10:31:23'),
(1260, '2023', 9, 71, 689, 3, 149, 2401.24, 960.87, 0.40, 0, NULL, 'BPS', NULL, '2025-11-07 10:31:23', '2025-11-07 10:31:23'),
(1261, '2023', 9, 71, 690, 3, 149, 867.75, 874.06, 1.01, 0, NULL, 'BPS', NULL, '2025-11-07 10:31:23', '2025-11-07 10:31:23'),
(1262, '2023', 9, 71, 691, 3, 149, 1524.36, 648.84, 0.43, 0, NULL, 'BPS', NULL, '2025-11-07 10:31:23', '2025-11-07 10:31:23'),
(1263, '2023', 9, 71, 684, 3, 152, 93.00, 50.54, 0.54, 0, NULL, 'BPS', NULL, '2025-11-07 10:31:23', '2025-11-07 10:31:23'),
(1264, '2023', 9, 71, 685, 3, 152, 88.90, 4.38, 0.05, 0, NULL, 'BPS', NULL, '2025-11-07 10:31:23', '2025-11-07 10:31:23'),
(1265, '2023', 9, 71, 687, 3, 152, 40.00, 8.71, 0.22, 0, NULL, 'BPS', NULL, '2025-11-07 10:31:23', '2025-11-07 10:31:23'),
(1266, '2023', 9, 71, 688, 3, 152, 53.00, 16.82, 0.32, 0, NULL, 'BPS', NULL, '2025-11-07 10:31:23', '2025-11-07 10:31:23'),
(1267, '2023', 9, 71, 689, 3, 152, 67.00, 6.32, 0.09, 0, NULL, 'BPS', NULL, '2025-11-07 10:31:23', '2025-11-07 10:31:23'),
(1268, '2023', 9, 71, 690, 3, 152, 314.05, 95.61, 0.30, 0, NULL, 'BPS', NULL, '2025-11-07 10:31:23', '2025-11-07 10:31:23'),
(1269, '2023', 9, 71, 691, 3, 152, 21.76, 11.99, 0.55, 0, NULL, 'BPS', NULL, '2025-11-07 10:31:23', '2025-11-07 10:31:23'),
(1270, '2023', 9, 71, 684, 3, 146, 8.00, 1.42, 0.18, 0, NULL, 'BPS', NULL, '2025-11-07 10:31:23', '2025-11-07 10:31:23'),
(1271, '2023', 9, 71, 685, 3, 146, 42.25, 3.82, 0.09, 0, NULL, 'BPS', NULL, '2025-11-07 10:31:23', '2025-11-07 10:31:23'),
(1272, '2023', 9, 71, 686, 3, 146, 152.49, 26.80, 0.18, 0, NULL, 'BPS', NULL, '2025-11-07 10:31:23', '2025-11-07 10:31:23'),
(1273, '2023', 9, 71, 687, 3, 146, 110.00, 24.52, 0.22, 0, NULL, 'BPS', NULL, '2025-11-07 10:31:23', '2025-11-07 10:31:23'),
(1274, '2023', 9, 71, 688, 3, 146, 197.40, 10.21, 0.05, 0, NULL, 'BPS', NULL, '2025-11-07 10:31:23', '2025-11-07 10:31:23'),
(1275, '2023', 9, 71, 689, 3, 146, 115.50, 5.31, 0.05, 0, NULL, 'BPS', NULL, '2025-11-07 10:31:23', '2025-11-07 10:31:23'),
(1276, '2023', 9, 71, 690, 3, 146, 12.50, 1.75, 0.14, 0, NULL, 'BPS', NULL, '2025-11-07 10:31:23', '2025-11-07 10:31:23'),
(1281, '2023', 9, 71, 687, 3, 145, 210.00, 6.98, 0.03, 0, NULL, 'BPS', NULL, '2025-11-07 10:31:23', '2025-11-07 10:31:23'),
(1282, '2023', 9, 71, 688, 3, 145, 1411.00, 404.90, 0.29, 0, NULL, 'BPS', NULL, '2025-11-07 10:31:23', '2025-11-07 10:31:23'),
(1285, '2023', 9, 71, 691, 3, 145, 4614.23, 2999.31, 0.65, 0, NULL, 'BPS', NULL, '2025-11-07 10:31:23', '2025-11-07 10:31:23'),
(1286, '2023', 9, 71, 684, 3, 159, 21.00, 10.29, 0.49, 0, NULL, 'BPS', NULL, '2025-11-07 10:31:23', '2025-11-07 10:31:23'),
(1293, '2023', 9, 71, 691, 3, 159, 29.75, 7.48, 0.25, 0, NULL, 'BPS', NULL, '2025-11-07 10:31:23', '2025-11-07 10:31:23'),
(1294, '2023', 9, 71, 686, 3, 152, 5.00, 0.00, NULL, 0, NULL, 'BPS', NULL, '2025-11-07 10:31:52', '2025-11-07 10:31:52'),
(1297, '2023', 8, 60, 608, 2, 40, 1.00, 4.00, 4.00, 0, NULL, 'BPS', NULL, '2025-11-07 10:51:26', '2025-11-07 10:51:26'),
(1298, '2023', 8, 60, 605, 2, 40, 6.00, 38.00, 6.33, 0, NULL, 'BPS', NULL, '2025-11-07 10:51:26', '2025-11-07 10:51:26'),
(1303, '2023', 8, 60, 601, 2, 40, 1.00, 6.00, 6.00, 0, NULL, 'BPS', NULL, '2025-11-07 10:51:26', '2025-11-07 10:51:26'),
(1309, '2023', 8, 60, 604, 2, 49, 3.00, 20.00, 6.67, 0, NULL, 'BPS', NULL, '2025-11-07 10:51:26', '2025-11-07 10:51:26'),
(1310, '2023', 8, 60, 603, 2, 49, 10.00, 66.00, 6.60, 0, NULL, 'BPS', NULL, '2025-11-07 10:51:26', '2025-11-07 10:51:26'),
(1312, '2023', 8, 60, 602, 2, 49, 1.00, 3.00, 3.00, 0, NULL, 'BPS', NULL, '2025-11-07 10:51:26', '2025-11-07 10:51:26'),
(1319, '2023', 8, 60, 604, 2, 50, 18.00, 85.50, 4.75, 0, NULL, 'BPS', NULL, '2025-11-07 10:51:26', '2025-11-07 10:51:26'),
(1320, '2023', 8, 60, 603, 2, 50, 7.00, 46.20, 6.60, 0, NULL, 'BPS', NULL, '2025-11-07 10:51:26', '2025-11-07 10:51:26'),
(1321, '2023', 8, 60, 610, 2, 50, 1.00, 9.00, 9.00, 0, NULL, 'BPS', NULL, '2025-11-07 10:51:26', '2025-11-07 10:51:26'),
(1325, '2023', 8, 60, 606, 2, 51, 19.00, 25.90, 1.36, 0, NULL, 'BPS', NULL, '2025-11-07 10:51:27', '2025-11-07 10:51:27'),
(1326, '2023', 8, 60, 611, 2, 51, 5.00, 65.50, 13.10, 0, NULL, 'BPS', NULL, '2025-11-07 10:51:27', '2025-11-07 10:51:27'),
(1327, '2023', 8, 60, 608, 2, 51, 8.00, 43.50, 5.44, 0, NULL, 'BPS', NULL, '2025-11-07 10:51:27', '2025-11-07 10:51:27'),
(1328, '2023', 8, 60, 605, 2, 51, 12.00, 175.00, 14.58, 0, NULL, 'BPS', NULL, '2025-11-07 10:51:27', '2025-11-07 10:51:27'),
(1329, '2023', 8, 60, 604, 2, 51, 48.00, 303.00, 6.31, 0, NULL, 'BPS', NULL, '2025-11-07 10:51:27', '2025-11-07 10:51:27'),
(1330, '2023', 8, 60, 603, 2, 51, 32.00, 217.80, 6.81, 0, NULL, 'BPS', NULL, '2025-11-07 10:51:27', '2025-11-07 10:51:27'),
(1331, '2023', 8, 60, 610, 2, 51, 3.00, 37.50, 12.50, 0, NULL, 'BPS', NULL, '2025-11-07 10:51:27', '2025-11-07 10:51:27'),
(1332, '2023', 8, 60, 602, 2, 51, 6.00, 46.00, 7.67, 0, NULL, 'BPS', NULL, '2025-11-07 10:51:27', '2025-11-07 10:51:27'),
(1333, '2023', 8, 60, 601, 2, 51, 18.00, 185.50, 10.31, 0, NULL, 'BPS', NULL, '2025-11-07 10:51:27', '2025-11-07 10:51:27'),
(1334, '2023', 8, 60, 609, 2, 51, 9.00, 73.50, 8.17, 0, NULL, 'BPS', NULL, '2025-11-07 10:51:27', '2025-11-07 10:51:27'),
(1339, '2023', 8, 60, 604, 2, 86, 13.00, 26.00, 2.00, 0, NULL, 'BPS', NULL, '2025-11-07 10:51:27', '2025-11-07 10:51:27'),
(1340, '2023', 8, 60, 603, 2, 86, 2.00, 14.00, 7.00, 0, NULL, 'BPS', NULL, '2025-11-07 10:51:27', '2025-11-07 10:51:27'),
(1345, '2023', 8, 60, 606, 2, 133, 4.00, 14.50, 3.63, 0, NULL, 'BPS', NULL, '2025-11-07 10:51:27', '2025-11-07 10:51:27'),
(1346, '2023', 8, 60, 611, 2, 133, 2.00, 31.00, 15.50, 0, NULL, 'BPS', NULL, '2025-11-07 10:51:27', '2025-11-07 10:51:27'),
(1347, '2023', 8, 60, 608, 2, 133, 7.00, 34.00, 4.86, 0, NULL, 'BPS', NULL, '2025-11-07 10:51:27', '2025-11-07 10:51:27'),
(1348, '2023', 8, 60, 605, 2, 133, 17.00, 256.00, 15.06, 0, NULL, 'BPS', NULL, '2025-11-07 10:51:27', '2025-11-07 10:51:27'),
(1349, '2023', 8, 60, 604, 2, 133, 67.00, 320.00, 4.78, 0, NULL, 'BPS', NULL, '2025-11-07 10:51:27', '2025-11-07 10:51:27'),
(1350, '2023', 8, 60, 603, 2, 133, 46.00, 520.30, 11.31, 0, NULL, 'BPS', NULL, '2025-11-07 10:51:27', '2025-11-07 10:51:27'),
(1351, '2023', 8, 60, 610, 2, 133, 3.00, 56.50, 18.83, 0, NULL, 'BPS', NULL, '2025-11-07 10:51:27', '2025-11-07 10:51:27'),
(1352, '2023', 8, 60, 602, 2, 133, 3.00, 34.00, 11.33, 0, NULL, 'BPS', NULL, '2025-11-07 10:51:27', '2025-11-07 10:51:27'),
(1353, '2023', 8, 60, 601, 2, 133, 25.00, 274.00, 10.96, 0, NULL, 'BPS', NULL, '2025-11-07 10:51:27', '2025-11-07 10:51:27'),
(1354, '2023', 8, 60, 609, 2, 133, 16.00, 183.00, 11.44, 0, NULL, 'BPS', NULL, '2025-11-07 10:51:27', '2025-11-07 10:51:27');
INSERT INTO `bps_data` (`id`, `tahun`, `provinsi_id`, `kabupaten_id`, `kecamatan_id`, `sektor_id`, `komoditas_id`, `luas_lahan`, `produksi`, `produktivitas`, `status_unggulan`, `peringkat_wilayah`, `sumber_data`, `keterangan`, `created_at`, `updated_at`) VALUES
(1359, '2023', 8, 60, 604, 2, 41, 1.00, 1.50, 1.50, 0, NULL, 'BPS', NULL, '2025-11-07 10:51:27', '2025-11-07 10:51:27'),
(1366, '2023', 8, 60, 611, 2, 113, 5.00, 23.50, 4.70, 0, NULL, 'BPS', NULL, '2025-11-07 10:51:27', '2025-11-07 10:51:27'),
(1367, '2023', 8, 60, 608, 2, 113, 9.00, 40.00, 4.44, 0, NULL, 'BPS', NULL, '2025-11-07 10:51:27', '2025-11-07 10:51:27'),
(1369, '2023', 8, 60, 604, 2, 113, 39.00, 169.00, 4.33, 0, NULL, 'BPS', NULL, '2025-11-07 10:51:27', '2025-11-07 10:51:27'),
(1370, '2023', 8, 60, 603, 2, 113, 24.00, 92.00, 3.83, 0, NULL, 'BPS', NULL, '2025-11-07 10:51:27', '2025-11-07 10:51:27'),
(1371, '2023', 8, 60, 610, 2, 113, 13.00, 58.00, 4.46, 0, NULL, 'BPS', NULL, '2025-11-07 10:51:27', '2025-11-07 10:51:27'),
(1372, '2023', 8, 60, 602, 2, 113, 15.00, 26.80, 1.79, 0, NULL, 'BPS', NULL, '2025-11-07 10:51:27', '2025-11-07 10:51:27'),
(1373, '2023', 8, 60, 601, 2, 113, 6.00, 27.00, 4.50, 0, NULL, 'BPS', NULL, '2025-11-07 10:51:27', '2025-11-07 10:51:27'),
(1374, '2023', 8, 60, 609, 2, 113, 18.00, 74.50, 4.14, 0, NULL, 'BPS', NULL, '2025-11-07 10:51:27', '2025-11-07 10:51:27'),
(1375, '2023', 8, 60, 606, 2, 132, 4.00, 23.20, 5.80, 0, NULL, 'BPS', NULL, '2025-11-07 10:51:27', '2025-11-07 10:51:27'),
(1376, '2023', 8, 60, 611, 2, 132, 1.00, 35.00, 35.00, 0, NULL, 'BPS', NULL, '2025-11-07 10:51:27', '2025-11-07 10:51:27'),
(1377, '2023', 8, 60, 608, 2, 132, 6.00, 52.50, 8.75, 0, NULL, 'BPS', NULL, '2025-11-07 10:51:27', '2025-11-07 10:51:27'),
(1378, '2023', 8, 60, 605, 2, 132, 10.00, 166.50, 16.65, 0, NULL, 'BPS', NULL, '2025-11-07 10:51:27', '2025-11-07 10:51:27'),
(1379, '2023', 8, 60, 604, 2, 132, 44.00, 201.90, 4.59, 0, NULL, 'BPS', NULL, '2025-11-07 10:51:27', '2025-11-07 10:51:27'),
(1380, '2023', 8, 60, 603, 2, 132, 28.00, 264.30, 9.44, 0, NULL, 'BPS', NULL, '2025-11-07 10:51:27', '2025-11-07 10:51:27'),
(1381, '2023', 8, 60, 610, 2, 132, 3.00, 21.00, 7.00, 0, NULL, 'BPS', NULL, '2025-11-07 10:51:27', '2025-11-07 10:51:27'),
(1382, '2023', 8, 60, 602, 2, 132, 2.00, 18.00, 9.00, 0, NULL, 'BPS', NULL, '2025-11-07 10:51:27', '2025-11-07 10:51:27'),
(1383, '2023', 8, 60, 601, 2, 132, 7.00, 78.00, 11.14, 0, NULL, 'BPS', NULL, '2025-11-07 10:51:27', '2025-11-07 10:51:27'),
(1384, '2023', 8, 60, 609, 2, 132, 5.00, 63.00, 12.60, 0, NULL, 'BPS', NULL, '2025-11-07 10:51:27', '2025-11-07 10:51:27'),
(1385, '2023', 8, 60, 606, 2, 97, 0.00, 119.90, NULL, 0, NULL, 'BPS', NULL, '2025-11-07 10:54:06', '2025-11-07 10:54:06'),
(1386, '2023', 8, 60, 611, 2, 97, 0.00, 34.00, NULL, 0, NULL, 'BPS', NULL, '2025-11-07 10:54:06', '2025-11-07 10:54:06'),
(1387, '2023', 8, 60, 608, 2, 97, 0.00, 87.00, NULL, 0, NULL, 'BPS', NULL, '2025-11-07 10:54:06', '2025-11-07 10:54:06'),
(1388, '2023', 8, 60, 605, 2, 97, 0.00, 88.20, NULL, 0, NULL, 'BPS', NULL, '2025-11-07 10:54:06', '2025-11-07 10:54:06'),
(1389, '2023', 8, 60, 604, 2, 97, 0.00, 52.00, NULL, 0, NULL, 'BPS', NULL, '2025-11-07 10:54:06', '2025-11-07 10:54:06'),
(1390, '2023', 8, 60, 603, 2, 97, 0.00, 10.00, NULL, 0, NULL, 'BPS', NULL, '2025-11-07 10:54:06', '2025-11-07 10:54:06'),
(1391, '2023', 8, 60, 610, 2, 97, 0.00, 26.00, NULL, 0, NULL, 'BPS', NULL, '2025-11-07 10:54:06', '2025-11-07 10:54:06'),
(1392, '2023', 8, 60, 602, 2, 97, 0.00, 13.40, NULL, 0, NULL, 'BPS', NULL, '2025-11-07 10:54:06', '2025-11-07 10:54:06'),
(1393, '2023', 8, 60, 601, 2, 97, 0.00, 64.50, NULL, 0, NULL, 'BPS', NULL, '2025-11-07 10:54:06', '2025-11-07 10:54:06'),
(1394, '2023', 8, 60, 609, 2, 97, 0.00, 57.50, NULL, 0, NULL, 'BPS', NULL, '2025-11-07 10:54:06', '2025-11-07 10:54:06'),
(1398, '2023', 8, 60, 605, 2, 59, 0.00, 17.60, NULL, 0, NULL, 'BPS', NULL, '2025-11-07 10:54:06', '2025-11-07 10:54:06'),
(1399, '2023', 8, 60, 604, 2, 59, 0.00, 50.00, NULL, 0, NULL, 'BPS', NULL, '2025-11-07 10:54:06', '2025-11-07 10:54:06'),
(1400, '2023', 8, 60, 603, 2, 59, 0.00, 58.00, NULL, 0, NULL, 'BPS', NULL, '2025-11-07 10:54:06', '2025-11-07 10:54:06'),
(1401, '2023', 8, 60, 610, 2, 59, 0.00, 146.00, NULL, 0, NULL, 'BPS', NULL, '2025-11-07 10:54:06', '2025-11-07 10:54:06'),
(1402, '2023', 8, 60, 602, 2, 59, 0.00, 3.00, NULL, 0, NULL, 'BPS', NULL, '2025-11-07 10:54:06', '2025-11-07 10:54:06'),
(1406, '2023', 8, 60, 611, 2, 75, 0.00, 0.60, NULL, 0, NULL, 'BPS', NULL, '2025-11-07 10:54:06', '2025-11-07 10:54:06'),
(1409, '2023', 8, 60, 604, 2, 75, 0.00, 1.60, NULL, 0, NULL, 'BPS', NULL, '2025-11-07 10:54:06', '2025-11-07 10:54:06'),
(1410, '2023', 8, 60, 603, 2, 75, 0.00, 22.70, NULL, 0, NULL, 'BPS', NULL, '2025-11-07 10:54:06', '2025-11-07 10:54:06'),
(1411, '2023', 8, 60, 610, 2, 75, 0.00, 8.00, NULL, 0, NULL, 'BPS', NULL, '2025-11-07 10:54:06', '2025-11-07 10:54:06'),
(1415, '2023', 8, 60, 606, 2, 115, 0.00, 545.00, NULL, 0, NULL, 'BPS', NULL, '2025-11-07 10:54:06', '2025-11-07 10:54:06'),
(1416, '2023', 8, 60, 611, 2, 115, 0.00, 29.10, NULL, 0, NULL, 'BPS', NULL, '2025-11-07 10:54:06', '2025-11-07 10:54:06'),
(1417, '2023', 8, 60, 608, 2, 115, 0.00, 15.00, NULL, 0, NULL, 'BPS', NULL, '2025-11-07 10:54:06', '2025-11-07 10:54:06'),
(1418, '2023', 8, 60, 605, 2, 115, 0.00, 45.50, NULL, 0, NULL, 'BPS', NULL, '2025-11-07 10:54:06', '2025-11-07 10:54:06'),
(1419, '2023', 8, 60, 604, 2, 115, 0.00, 265.00, NULL, 0, NULL, 'BPS', NULL, '2025-11-07 10:54:06', '2025-11-07 10:54:06'),
(1420, '2023', 8, 60, 603, 2, 115, 0.00, 36.10, NULL, 0, NULL, 'BPS', NULL, '2025-11-07 10:54:06', '2025-11-07 10:54:06'),
(1421, '2023', 8, 60, 610, 2, 115, 0.00, 28.50, NULL, 0, NULL, 'BPS', NULL, '2025-11-07 10:54:06', '2025-11-07 10:54:06'),
(1422, '2023', 8, 60, 602, 2, 115, 0.00, 11.40, NULL, 0, NULL, 'BPS', NULL, '2025-11-07 10:54:06', '2025-11-07 10:54:06'),
(1423, '2023', 8, 60, 601, 2, 115, 0.00, 32.50, NULL, 0, NULL, 'BPS', NULL, '2025-11-07 10:54:06', '2025-11-07 10:54:06'),
(1424, '2023', 8, 60, 609, 2, 115, 0.00, 38.00, NULL, 0, NULL, 'BPS', NULL, '2025-11-07 10:54:06', '2025-11-07 10:54:06'),
(1425, '2023', 8, 60, 606, 2, 111, 0.00, 504.20, NULL, 0, NULL, 'BPS', NULL, '2025-11-07 10:54:06', '2025-11-07 10:54:06'),
(1426, '2023', 8, 60, 611, 2, 111, 0.00, 34.40, NULL, 0, NULL, 'BPS', NULL, '2025-11-07 10:54:06', '2025-11-07 10:54:06'),
(1427, '2023', 8, 60, 608, 2, 111, 0.00, 50.80, NULL, 0, NULL, 'BPS', NULL, '2025-11-07 10:54:06', '2025-11-07 10:54:06'),
(1428, '2023', 8, 60, 605, 2, 111, 0.00, 40.00, NULL, 0, NULL, 'BPS', NULL, '2025-11-07 10:54:06', '2025-11-07 10:54:06'),
(1429, '2023', 8, 60, 604, 2, 111, 0.00, 429.50, NULL, 0, NULL, 'BPS', NULL, '2025-11-07 10:54:06', '2025-11-07 10:54:06'),
(1430, '2023', 8, 60, 603, 2, 111, 0.00, 49.60, NULL, 0, NULL, 'BPS', NULL, '2025-11-07 10:54:06', '2025-11-07 10:54:06'),
(1431, '2023', 8, 60, 610, 2, 111, 0.00, 40.00, NULL, 0, NULL, 'BPS', NULL, '2025-11-07 10:54:06', '2025-11-07 10:54:06'),
(1432, '2023', 8, 60, 602, 2, 111, 0.00, 23.00, NULL, 0, NULL, 'BPS', NULL, '2025-11-07 10:54:06', '2025-11-07 10:54:06'),
(1433, '2023', 8, 60, 601, 2, 111, 0.00, 8.00, NULL, 0, NULL, 'BPS', NULL, '2025-11-07 10:54:06', '2025-11-07 10:54:06'),
(1434, '2023', 8, 60, 609, 2, 111, 0.00, 46.50, NULL, 0, NULL, 'BPS', NULL, '2025-11-07 10:54:07', '2025-11-07 10:54:07'),
(1438, '2023', 8, 60, 605, 2, 118, 0.00, 7.10, NULL, 0, NULL, 'BPS', NULL, '2025-11-07 10:54:07', '2025-11-07 10:54:07'),
(1439, '2023', 8, 60, 604, 2, 118, 0.00, 26.50, NULL, 0, NULL, 'BPS', NULL, '2025-11-07 10:54:07', '2025-11-07 10:54:07'),
(1440, '2023', 8, 60, 603, 2, 118, 0.00, 2.80, NULL, 0, NULL, 'BPS', NULL, '2025-11-07 10:54:07', '2025-11-07 10:54:07'),
(1441, '2023', 8, 60, 610, 2, 118, 0.00, 25.00, NULL, 0, NULL, 'BPS', NULL, '2025-11-07 10:54:07', '2025-11-07 10:54:07'),
(1442, '2023', 8, 60, 602, 2, 118, 0.00, 0.40, NULL, 0, NULL, 'BPS', NULL, '2025-11-07 10:54:07', '2025-11-07 10:54:07'),
(1445, '2023', 8, 60, 606, 2, 107, 0.00, 70.00, NULL, 0, NULL, 'BPS', NULL, '2025-11-07 10:54:07', '2025-11-07 10:54:07'),
(1446, '2023', 8, 60, 611, 2, 107, 0.00, 27.00, NULL, 0, NULL, 'BPS', NULL, '2025-11-07 10:54:07', '2025-11-07 10:54:07'),
(1447, '2023', 8, 60, 608, 2, 107, 0.00, 73.20, NULL, 0, NULL, 'BPS', NULL, '2025-11-07 10:54:07', '2025-11-07 10:54:07'),
(1448, '2023', 8, 60, 605, 2, 107, 0.00, 174.00, NULL, 0, NULL, 'BPS', NULL, '2025-11-07 10:54:07', '2025-11-07 10:54:07'),
(1449, '2023', 8, 60, 604, 2, 107, 0.00, 5.20, NULL, 0, NULL, 'BPS', NULL, '2025-11-07 10:54:07', '2025-11-07 10:54:07'),
(1450, '2023', 8, 60, 603, 2, 107, 0.00, 53.30, NULL, 0, NULL, 'BPS', NULL, '2025-11-07 10:54:07', '2025-11-07 10:54:07'),
(1451, '2023', 8, 60, 610, 2, 107, 0.00, 30.00, NULL, 0, NULL, 'BPS', NULL, '2025-11-07 10:54:07', '2025-11-07 10:54:07'),
(1452, '2023', 8, 60, 602, 2, 107, 0.00, 40.30, NULL, 0, NULL, 'BPS', NULL, '2025-11-07 10:54:07', '2025-11-07 10:54:07'),
(1453, '2023', 8, 60, 601, 2, 107, 0.00, 16.00, NULL, 0, NULL, 'BPS', NULL, '2025-11-07 10:54:07', '2025-11-07 10:54:07'),
(1454, '2023', 8, 60, 609, 2, 107, 0.00, 14.60, NULL, 0, NULL, 'BPS', NULL, '2025-11-07 10:54:07', '2025-11-07 10:54:07'),
(1455, '2023', 8, 60, 606, 2, 30, 0.00, 62.60, NULL, 0, NULL, 'BPS', NULL, '2025-11-07 10:54:07', '2025-11-07 10:54:07'),
(1456, '2023', 8, 60, 611, 2, 30, 0.00, 11.50, NULL, 0, NULL, 'BPS', NULL, '2025-11-07 10:54:07', '2025-11-07 10:54:07'),
(1457, '2023', 8, 60, 608, 2, 30, 0.00, 7.40, NULL, 0, NULL, 'BPS', NULL, '2025-11-07 10:54:07', '2025-11-07 10:54:07'),
(1458, '2023', 8, 60, 605, 2, 30, 0.00, 56.00, NULL, 0, NULL, 'BPS', NULL, '2025-11-07 10:54:07', '2025-11-07 10:54:07'),
(1459, '2023', 8, 60, 604, 2, 30, 0.00, 10.90, NULL, 0, NULL, 'BPS', NULL, '2025-11-07 10:54:07', '2025-11-07 10:54:07'),
(1460, '2023', 8, 60, 603, 2, 30, 0.00, 49.00, NULL, 0, NULL, 'BPS', NULL, '2025-11-07 10:54:07', '2025-11-07 10:54:07'),
(1461, '2023', 8, 60, 610, 2, 30, 0.00, 95.50, NULL, 0, NULL, 'BPS', NULL, '2025-11-07 10:54:07', '2025-11-07 10:54:07'),
(1462, '2023', 8, 60, 602, 2, 30, 0.00, 17.80, NULL, 0, NULL, 'BPS', NULL, '2025-11-07 10:54:07', '2025-11-07 10:54:07'),
(1463, '2023', 8, 60, 601, 2, 30, 0.00, 3.00, NULL, 0, NULL, 'BPS', NULL, '2025-11-07 10:54:07', '2025-11-07 10:54:07'),
(1465, '2023', 8, 60, 606, 3, 149, 1439.00, 983.10, 0.68, 0, NULL, 'BPS', NULL, '2025-11-07 10:56:13', '2025-11-07 10:56:13'),
(1466, '2023', 8, 60, 611, 3, 149, 598.00, 137.60, 0.23, 0, NULL, 'BPS', NULL, '2025-11-07 10:56:13', '2025-11-07 10:56:13'),
(1467, '2023', 8, 60, 608, 3, 149, 1001.00, 527.25, 0.53, 0, NULL, 'BPS', NULL, '2025-11-07 10:56:13', '2025-11-07 10:56:13'),
(1468, '2023', 8, 60, 605, 3, 149, 1297.00, 722.00, 0.56, 0, NULL, 'BPS', NULL, '2025-11-07 10:56:13', '2025-11-07 10:56:13'),
(1469, '2023', 8, 60, 604, 3, 149, 1429.00, 536.00, 0.38, 0, NULL, 'BPS', NULL, '2025-11-07 10:56:13', '2025-11-07 10:56:13'),
(1470, '2023', 8, 60, 603, 3, 149, 344.00, 209.62, 0.61, 0, NULL, 'BPS', NULL, '2025-11-07 10:56:13', '2025-11-07 10:56:13'),
(1471, '2023', 8, 60, 610, 3, 149, 445.00, 177.80, 0.40, 0, NULL, 'BPS', NULL, '2025-11-07 10:56:13', '2025-11-07 10:56:13'),
(1472, '2023', 8, 60, 602, 3, 149, 371.00, 146.00, 0.39, 0, NULL, 'BPS', NULL, '2025-11-07 10:56:13', '2025-11-07 10:56:13'),
(1473, '2023', 8, 60, 601, 3, 149, 283.00, 105.00, 0.37, 0, NULL, 'BPS', NULL, '2025-11-07 10:56:13', '2025-11-07 10:56:13'),
(1474, '2023', 8, 60, 609, 3, 149, 207.00, 122.97, 0.59, 0, NULL, 'BPS', NULL, '2025-11-07 10:56:13', '2025-11-07 10:56:13'),
(1475, '2023', 8, 60, 606, 3, 152, 977.00, 248.10, 0.25, 0, NULL, 'BPS', NULL, '2025-11-07 10:56:13', '2025-11-07 10:56:13'),
(1476, '2023', 8, 60, 611, 3, 152, 10.00, 5.18, 0.52, 0, NULL, 'BPS', NULL, '2025-11-07 10:56:13', '2025-11-07 10:56:13'),
(1477, '2023', 8, 60, 608, 3, 152, 25.00, 13.00, 0.52, 0, NULL, 'BPS', NULL, '2025-11-07 10:56:13', '2025-11-07 10:56:13'),
(1478, '2023', 8, 60, 605, 3, 152, 1600.00, 568.50, 0.36, 0, NULL, 'BPS', NULL, '2025-11-07 10:56:13', '2025-11-07 10:56:13'),
(1479, '2023', 8, 60, 604, 3, 152, 1662.00, 782.00, 0.47, 0, NULL, 'BPS', NULL, '2025-11-07 10:56:13', '2025-11-07 10:56:13'),
(1480, '2023', 8, 60, 603, 3, 152, 337.00, 210.00, 0.62, 0, NULL, 'BPS', NULL, '2025-11-07 10:56:13', '2025-11-07 10:56:13'),
(1481, '2023', 8, 60, 610, 3, 152, 473.00, 181.74, 0.38, 0, NULL, 'BPS', NULL, '2025-11-07 10:56:13', '2025-11-07 10:56:13'),
(1482, '2023', 8, 60, 602, 3, 152, 165.00, 113.85, 0.69, 0, NULL, 'BPS', NULL, '2025-11-07 10:56:13', '2025-11-07 10:56:13'),
(1483, '2023', 8, 60, 601, 3, 152, 92.00, 44.00, 0.48, 0, NULL, 'BPS', NULL, '2025-11-07 10:56:13', '2025-11-07 10:56:13'),
(1485, '2023', 8, 60, 606, 3, 146, 213.00, 64.00, 0.30, 0, NULL, 'BPS', NULL, '2025-11-07 10:56:13', '2025-11-07 10:56:13'),
(1486, '2023', 8, 60, 611, 3, 146, 189.00, 108.00, 0.57, 0, NULL, 'BPS', NULL, '2025-11-07 10:56:13', '2025-11-07 10:56:13'),
(1487, '2023', 8, 60, 608, 3, 146, 307.00, 166.00, 0.54, 0, NULL, 'BPS', NULL, '2025-11-07 10:56:13', '2025-11-07 10:56:13'),
(1488, '2023', 8, 60, 605, 3, 146, 776.00, 163.70, 0.21, 0, NULL, 'BPS', NULL, '2025-11-07 10:56:13', '2025-11-07 10:56:13'),
(1489, '2023', 8, 60, 604, 3, 146, 644.00, 176.00, 0.27, 0, NULL, 'BPS', NULL, '2025-11-07 10:56:13', '2025-11-07 10:56:13'),
(1490, '2023', 8, 60, 603, 3, 146, 368.00, 87.00, 0.24, 0, NULL, 'BPS', NULL, '2025-11-07 10:56:13', '2025-11-07 10:56:13'),
(1491, '2023', 8, 60, 610, 3, 146, 136.00, 66.00, 0.49, 0, NULL, 'BPS', NULL, '2025-11-07 10:56:13', '2025-11-07 10:56:13'),
(1492, '2023', 8, 60, 602, 3, 146, 140.00, 48.00, 0.34, 0, NULL, 'BPS', NULL, '2025-11-07 10:56:13', '2025-11-07 10:56:13'),
(1493, '2023', 8, 60, 601, 3, 146, 86.00, 25.00, 0.29, 0, NULL, 'BPS', NULL, '2025-11-07 10:56:13', '2025-11-07 10:56:13'),
(1495, '2023', 8, 60, 606, 3, 159, 21.00, 11.00, 0.52, 0, NULL, 'BPS', NULL, '2025-11-07 10:56:13', '2025-11-07 10:56:13'),
(1496, '2023', 8, 60, 611, 3, 159, 3.00, 1.30, 0.43, 0, NULL, 'BPS', NULL, '2025-11-07 10:56:13', '2025-11-07 10:56:13'),
(1497, '2023', 8, 60, 608, 3, 159, 53.00, 35.00, 0.66, 0, NULL, 'BPS', NULL, '2025-11-07 10:56:13', '2025-11-07 10:56:13'),
(1498, '2023', 8, 60, 605, 3, 159, 6.00, 1.33, 0.22, 0, NULL, 'BPS', NULL, '2025-11-07 10:56:13', '2025-11-07 10:56:13'),
(1499, '2023', 8, 60, 604, 3, 159, 21.00, 20.00, 0.95, 0, NULL, 'BPS', NULL, '2025-11-07 10:56:13', '2025-11-07 10:56:13'),
(1500, '2023', 8, 60, 603, 3, 159, 6.00, 4.00, 0.67, 0, NULL, 'BPS', NULL, '2025-11-07 10:56:13', '2025-11-07 10:56:13'),
(1501, '2023', 8, 60, 610, 3, 159, 4.00, 1.33, 0.33, 0, NULL, 'BPS', NULL, '2025-11-07 10:56:13', '2025-11-07 10:56:13'),
(1502, '2023', 8, 60, 602, 3, 159, 3.00, 1.35, 0.45, 0, NULL, 'BPS', NULL, '2025-11-07 10:56:13', '2025-11-07 10:56:13'),
(1505, '2023', 1, 25, 171, 2, 49, 2.00, 7.70, 3.85, 0, NULL, 'BPS', NULL, '2025-11-07 13:56:44', '2025-11-07 13:56:44'),
(1506, '2023', 1, 25, 171, 2, 78, 1.00, 6.30, 6.30, 0, NULL, 'BPS', NULL, '2025-11-07 13:56:44', '2025-11-07 13:56:44'),
(1507, '2023', 1, 25, 171, 2, 79, 2.00, 4.00, 2.00, 0, NULL, 'BPS', NULL, '2025-11-07 13:56:44', '2025-11-07 13:56:44'),
(1508, '2023', 1, 25, 171, 2, 48, 0.00, 3.10, NULL, 0, NULL, 'BPS', NULL, '2025-11-07 13:56:44', '2025-11-07 13:56:44'),
(1509, '2023', 1, 25, 171, 2, 85, 2.00, 1.20, 0.60, 0, NULL, 'BPS', NULL, '2025-11-07 13:56:44', '2025-11-07 13:56:44'),
(1510, '2023', 1, 25, 171, 2, 132, 0.00, 1.20, NULL, 0, NULL, 'BPS', NULL, '2025-11-07 13:56:44', '2025-11-07 13:56:44'),
(1511, '2023', 1, 25, 171, 2, 115, 0.00, 0.90, NULL, 0, NULL, 'BPS', NULL, '2025-11-07 13:56:44', '2025-11-07 13:56:44'),
(1512, '2023', 1, 25, 171, 2, 51, 0.00, 0.70, NULL, 0, NULL, 'BPS', NULL, '2025-11-07 13:56:44', '2025-11-07 13:56:44'),
(1513, '2023', 1, 25, 173, 2, 75, 0.00, 37.50, NULL, 0, NULL, 'BPS', NULL, '2025-11-07 13:56:44', '2025-11-07 13:56:44'),
(1514, '2023', 1, 25, 173, 2, 113, 3.00, 12.00, 4.00, 0, NULL, 'BPS', NULL, '2025-11-07 13:56:44', '2025-11-07 13:56:44'),
(1515, '2023', 1, 25, 173, 2, 40, 1.00, 4.10, 4.10, 0, NULL, 'BPS', NULL, '2025-11-07 13:56:44', '2025-11-07 13:56:44'),
(1516, '2023', 1, 25, 173, 2, 85, 5.00, 4.00, 0.80, 0, NULL, 'BPS', NULL, '2025-11-07 13:56:44', '2025-11-07 13:56:44'),
(1517, '2023', 1, 25, 173, 2, 49, 3.00, 3.60, 1.20, 0, NULL, 'BPS', NULL, '2025-11-07 13:56:44', '2025-11-07 13:56:44'),
(1518, '2023', 1, 25, 173, 2, 115, 0.00, 2.40, NULL, 0, NULL, 'BPS', NULL, '2025-11-07 13:56:44', '2025-11-07 13:56:44'),
(1519, '2023', 1, 25, 173, 2, 111, 0.00, 1.00, NULL, 0, NULL, 'BPS', NULL, '2025-11-07 13:56:44', '2025-11-07 13:56:44'),
(1520, '2023', 1, 25, 173, 2, 78, 3.00, 1.00, 0.33, 0, NULL, 'BPS', NULL, '2025-11-07 13:56:44', '2025-11-07 13:56:44'),
(1521, '2023', 1, 25, 173, 2, 132, 1.00, 0.40, 0.40, 0, NULL, 'BPS', NULL, '2025-11-07 13:56:44', '2025-11-07 13:56:44'),
(1522, '2023', 1, 25, 173, 2, 86, 1.00, 0.10, 0.10, 0, NULL, 'BPS', NULL, '2025-11-07 13:56:44', '2025-11-07 13:56:44'),
(1523, '2023', 1, 25, 169, 2, 115, 0.00, 0.90, NULL, 0, NULL, 'BPS', NULL, '2025-11-07 13:56:44', '2025-11-07 13:56:44'),
(1524, '2023', 1, 25, 172, 2, 98, 0.00, 24.00, NULL, 0, NULL, 'BPS', NULL, '2025-11-07 13:56:44', '2025-11-07 13:56:44'),
(1525, '2023', 1, 25, 172, 2, 123, 0.00, 4.00, NULL, 0, NULL, 'BPS', NULL, '2025-11-07 13:56:44', '2025-11-07 13:56:44'),
(1526, '2023', 1, 25, 172, 2, 51, 0.00, 3.40, NULL, 0, NULL, 'BPS', NULL, '2025-11-07 13:56:44', '2025-11-07 13:56:44'),
(1527, '2023', 1, 25, 172, 2, 79, 0.00, 3.00, NULL, 0, NULL, 'BPS', NULL, '2025-11-07 13:56:44', '2025-11-07 13:56:44'),
(1528, '2023', 1, 25, 172, 2, 115, 0.00, 2.50, NULL, 0, NULL, 'BPS', NULL, '2025-11-07 13:56:44', '2025-11-07 13:56:44'),
(1529, '2023', 1, 25, 172, 2, 49, 3.00, 1.60, 0.53, 0, NULL, 'BPS', NULL, '2025-11-07 13:56:44', '2025-11-07 13:56:44'),
(1530, '2023', 1, 25, 172, 2, 85, 1.00, 0.50, 0.50, 0, NULL, 'BPS', NULL, '2025-11-07 13:56:44', '2025-11-07 13:56:44'),
(1531, '2023', 1, 25, 172, 2, 78, 0.00, 0.40, NULL, 0, NULL, 'BPS', NULL, '2025-11-07 13:56:44', '2025-11-07 13:56:44'),
(1532, '2023', 1, 25, 167, 2, 115, 0.00, 1.60, NULL, 0, NULL, 'BPS', NULL, '2025-11-07 13:57:06', '2025-11-07 13:57:06'),
(1533, '2023', 1, 25, 167, 2, 79, 3.00, 1.30, 0.43, 0, NULL, 'BPS', NULL, '2025-11-07 13:57:06', '2025-11-07 13:57:06'),
(1534, '2023', 1, 25, 167, 2, 42, 3.00, 1.10, 0.37, 0, NULL, 'BPS', NULL, '2025-11-07 13:57:06', '2025-11-07 13:57:06');

-- --------------------------------------------------------

--
-- Struktur dari tabel `cache`
--

CREATE TABLE `cache` (
  `key` varchar(255) NOT NULL,
  `value` mediumtext NOT NULL,
  `expiration` int(11) NOT NULL
) ENGINE=InnoDB DEFAULT CHARSET=utf8mb4 COLLATE=utf8mb4_unicode_ci;

--
-- Dumping data untuk tabel `cache`
--

INSERT INTO `cache` (`key`, `value`, `expiration`) VALUES
('laravel-cache-admin@example.com|127.0.0.1', 'i:1;', 1761846611),
('laravel-cache-admin@example.com|127.0.0.1:timer', 'i:1761846611;', 1761846611),
('laravel-cache-admin@nasdem.id|127.0.0.1', 'i:1;', 1762384923),
('laravel-cache-admin@nasdem.id|127.0.0.1:timer', 'i:1762384923;', 1762384923),
('laravel-cache-poktan@soreang.rpr-nasdem.id|127.0.0.1', 'i:3;', 1762086561),
('laravel-cache-poktan@soreang.rpr-nasdem.id|127.0.0.1:timer', 'i:1762086561;', 1762086561);

-- --------------------------------------------------------

--
-- Struktur dari tabel `cache_locks`
--

CREATE TABLE `cache_locks` (
  `key` varchar(255) NOT NULL,
  `owner` varchar(255) NOT NULL,
  `expiration` int(11) NOT NULL
) ENGINE=InnoDB DEFAULT CHARSET=utf8mb4 COLLATE=utf8mb4_unicode_ci;

-- --------------------------------------------------------

--
-- Struktur dari tabel `demplot`
--

CREATE TABLE `demplot` (
  `id` bigint(20) UNSIGNED NOT NULL,
  `petani_id` bigint(20) UNSIGNED NOT NULL,
  `komoditas_id` bigint(20) UNSIGNED NOT NULL,
  `nama_lahan` varchar(255) NOT NULL,
  `alamat` text DEFAULT NULL,
  `luas_lahan` decimal(10,2) NOT NULL,
  `status` enum('rencana','aktif','selesai') NOT NULL DEFAULT 'rencana',
  `tahun` year(4) NOT NULL,
  `latitude` decimal(10,8) NOT NULL,
  `longitude` decimal(11,8) NOT NULL,
  `foto_lahan` varchar(255) DEFAULT NULL,
  `keterangan` text DEFAULT NULL,
  `created_at` timestamp NULL DEFAULT NULL,
  `updated_at` timestamp NULL DEFAULT NULL,
  `provinsi_id` bigint(20) UNSIGNED DEFAULT NULL,
  `kabupaten_id` bigint(20) UNSIGNED DEFAULT NULL,
  `kecamatan_id` bigint(20) UNSIGNED DEFAULT NULL,
  `desa_id` bigint(20) UNSIGNED DEFAULT NULL
) ENGINE=InnoDB DEFAULT CHARSET=utf8mb4 COLLATE=utf8mb4_unicode_ci;

--
-- Dumping data untuk tabel `demplot`
--

INSERT INTO `demplot` (`id`, `petani_id`, `komoditas_id`, `nama_lahan`, `alamat`, `luas_lahan`, `status`, `tahun`, `latitude`, `longitude`, `foto_lahan`, `keterangan`, `created_at`, `updated_at`, `provinsi_id`, `kabupaten_id`, `kecamatan_id`, `desa_id`) VALUES
(4, 5, 1, 'Lahan Pak Suryana', 'Jawa Barat Kota Sukabumi Cibeureum Limusnunggal', 0.50, 'aktif', '2025', -6.94720100, 106.94152400, 'demplot/3Z5HGKEutWB2i2xeOTwmRHhLRbmmAX6LeoUoWYz0.jpg', NULL, '2025-10-30 11:04:47', '2025-10-30 11:34:04', 1, 25, 173, 38);

-- --------------------------------------------------------

--
-- Struktur dari tabel `desas`
--

CREATE TABLE `desas` (
  `id` bigint(20) UNSIGNED NOT NULL,
  `kode` varchar(255) NOT NULL,
  `nama` varchar(255) NOT NULL,
  `kecamatan_id` bigint(20) UNSIGNED NOT NULL,
  `tipe` enum('desa','kelurahan') NOT NULL,
  `latitude` decimal(10,8) DEFAULT NULL,
  `longitude` decimal(11,8) DEFAULT NULL,
  `aktif` tinyint(1) NOT NULL DEFAULT 1,
  `created_at` timestamp NULL DEFAULT NULL,
  `updated_at` timestamp NULL DEFAULT NULL
) ENGINE=InnoDB DEFAULT CHARSET=utf8mb4 COLLATE=utf8mb4_unicode_ci;

--
-- Dumping data untuk tabel `desas`
--

INSERT INTO `desas` (`id`, `kode`, `nama`, `kecamatan_id`, `tipe`, `latitude`, `longitude`, `aktif`, `created_at`, `updated_at`) VALUES
(6, '32.72.01.1001', 'Gunung Puyuh', 167, 'kelurahan', NULL, NULL, 1, '2025-10-30 14:27:06', '2025-10-30 14:27:06'),
(7, '32.72.01.1002', 'Karamat', 167, 'kelurahan', NULL, NULL, 1, '2025-10-30 14:27:06', '2025-10-30 14:27:06'),
(8, '32.72.01.1003', 'Sriwidari', 167, 'kelurahan', NULL, NULL, 1, '2025-10-30 14:27:06', '2025-10-30 14:27:06'),
(9, '32.72.01.1004', 'Karang Tengah', 167, 'kelurahan', NULL, NULL, 1, '2025-10-30 14:27:06', '2025-10-30 14:27:06'),
(10, '32.72.02.1001', 'Cikole', 168, 'kelurahan', NULL, NULL, 1, '2025-10-30 14:27:06', '2025-10-30 14:27:06'),
(11, '32.72.02.1002', 'Selabatu', 168, 'kelurahan', NULL, NULL, 1, '2025-10-30 14:27:06', '2025-10-30 14:27:06'),
(12, '32.72.02.1003', 'Gunungparang', 168, 'kelurahan', NULL, NULL, 1, '2025-10-30 14:27:06', '2025-10-30 14:27:06'),
(13, '32.72.02.1004', 'Kebonjati', 168, 'kelurahan', NULL, NULL, 1, '2025-10-30 14:27:06', '2025-10-30 14:27:06'),
(14, '32.72.02.1005', 'Cisarua', 168, 'kelurahan', NULL, NULL, 1, '2025-10-30 14:27:06', '2025-10-30 14:27:06'),
(15, '32.72.02.1006', 'Subangjaya', 168, 'kelurahan', NULL, NULL, 1, '2025-10-30 14:27:06', '2025-10-30 14:27:06'),
(16, '32.72.03.1001', 'Citamiang', 169, 'kelurahan', NULL, NULL, 1, '2025-10-30 14:27:06', '2025-10-30 14:27:06'),
(17, '32.72.03.1002', 'Tipar', 169, 'kelurahan', NULL, NULL, 1, '2025-10-30 14:27:06', '2025-10-30 14:27:06'),
(18, '32.72.03.1003', 'Nanggeleng', 169, 'kelurahan', NULL, NULL, 1, '2025-10-30 14:27:06', '2025-10-30 14:27:06'),
(19, '32.72.03.1004', 'Gedongpanjang', 169, 'kelurahan', NULL, NULL, 1, '2025-10-30 14:27:06', '2025-10-30 14:27:06'),
(20, '32.72.03.1005', 'Cikondang', 169, 'kelurahan', NULL, NULL, 1, '2025-10-30 14:27:06', '2025-10-30 14:27:06'),
(21, '32.72.04.1001', 'Warudoyong', 170, 'kelurahan', NULL, NULL, 1, '2025-10-30 14:27:06', '2025-10-30 14:27:06'),
(22, '32.72.04.1002', 'Nyomplong', 170, 'kelurahan', NULL, NULL, 1, '2025-10-30 14:27:06', '2025-10-30 14:27:06'),
(23, '32.72.04.1003', 'Dayeuhluhur', 170, 'kelurahan', NULL, NULL, 1, '2025-10-30 14:27:06', '2025-10-30 14:27:06'),
(24, '32.72.04.1004', 'Sukakarya', 170, 'kelurahan', NULL, NULL, 1, '2025-10-30 14:27:06', '2025-10-30 14:27:06'),
(25, '32.72.04.1005', 'Benteng', 170, 'kelurahan', NULL, NULL, 1, '2025-10-30 14:27:06', '2025-10-30 14:27:06'),
(26, '32.72.05.1001', 'Baros', 171, 'kelurahan', NULL, NULL, 1, '2025-10-30 14:27:06', '2025-10-30 14:27:06'),
(27, '32.72.05.1002', 'Jayaraksa', 171, 'kelurahan', NULL, NULL, 1, '2025-10-30 14:27:06', '2025-10-30 14:27:06'),
(28, '32.72.05.1003', 'Jayamekar', 171, 'kelurahan', NULL, NULL, 1, '2025-10-30 14:27:06', '2025-10-30 14:27:06'),
(29, '32.72.05.1004', 'Sudajaya Hilir', 171, 'kelurahan', NULL, NULL, 1, '2025-10-30 14:27:06', '2025-10-30 14:27:06'),
(30, '32.72.06.1001', 'Cipanengah', 172, 'kelurahan', NULL, NULL, 1, '2025-10-30 14:27:06', '2025-10-30 14:27:06'),
(31, '32.72.06.1002', 'Situmekar', 172, 'kelurahan', NULL, NULL, 1, '2025-10-30 14:27:06', '2025-10-30 14:27:06'),
(32, '32.72.06.1003', 'Lembursitu', 172, 'kelurahan', NULL, NULL, 1, '2025-10-30 14:27:06', '2025-10-30 14:27:06'),
(33, '32.72.06.1004', 'Cikundul', 172, 'kelurahan', NULL, NULL, 1, '2025-10-30 14:27:06', '2025-10-30 14:27:06'),
(34, '32.72.06.1005', 'Sindangsari', 172, 'kelurahan', NULL, NULL, 1, '2025-10-30 14:27:06', '2025-10-30 14:27:06'),
(35, '32.72.07.1001', 'Cibeureum Hilir', 173, 'kelurahan', NULL, NULL, 1, '2025-10-30 14:27:06', '2025-10-30 14:27:06'),
(36, '32.72.07.1002', 'Babakan', 173, 'kelurahan', NULL, NULL, 1, '2025-10-30 14:27:06', '2025-10-30 14:27:06'),
(37, '32.72.07.1003', 'Sindangpalay', 173, 'kelurahan', NULL, NULL, 1, '2025-10-30 14:27:06', '2025-10-30 14:27:06'),
(38, '32.72.07.1004', 'Limusnunggal', 173, 'kelurahan', NULL, NULL, 1, '2025-10-30 14:27:06', '2025-10-30 14:27:06'),
(39, '32.01.01.1001', 'Pondok Rajeg', 127, 'kelurahan', NULL, NULL, 1, '2025-10-30 14:35:29', '2025-11-05 02:55:26'),
(40, '32.01.01.1002', 'Karadenan', 127, 'kelurahan', NULL, NULL, 1, '2025-10-30 14:35:29', '2025-10-30 14:35:29'),
(41, '32.01.01.1003', 'Harapanjaya', 127, 'kelurahan', NULL, NULL, 1, '2025-10-30 14:35:29', '2025-10-30 14:35:29'),
(42, '32.01.01.1004', 'Nanggewer', 127, 'kelurahan', NULL, NULL, 1, '2025-10-30 14:35:29', '2025-10-30 14:35:29'),
(43, '32.01.01.1005', 'Nanggewer Mekar', 127, 'kelurahan', NULL, NULL, 1, '2025-10-30 14:35:29', '2025-10-30 14:35:29'),
(44, '32.01.01.1006', 'Cibinong', 127, 'kelurahan', NULL, NULL, 1, '2025-10-30 14:35:29', '2025-10-30 14:35:29'),
(45, '32.01.01.1007', 'Pakansari', 127, 'kelurahan', NULL, NULL, 1, '2025-10-30 14:35:29', '2025-10-30 14:35:29'),
(46, '32.01.01.1008', 'Tengah', 127, 'kelurahan', NULL, NULL, 1, '2025-10-30 14:35:29', '2025-10-30 14:35:29'),
(47, '32.01.01.1009', 'Sukahati', 127, 'kelurahan', NULL, NULL, 1, '2025-10-30 14:35:29', '2025-10-30 14:35:29'),
(48, '32.01.01.1010', 'Ciriung', 127, 'kelurahan', NULL, NULL, 1, '2025-10-30 14:35:29', '2025-10-30 14:35:29'),
(49, '32.01.01.1011', 'Cirimekar', 127, 'kelurahan', NULL, NULL, 1, '2025-10-30 14:35:29', '2025-10-30 14:35:29'),
(50, '32.01.01.1012', 'Pabuaran', 127, 'kelurahan', NULL, NULL, 1, '2025-10-30 14:35:29', '2025-10-30 14:35:29'),
(51, '32.01.01.1013', 'Pabuaran Mekar', 127, 'kelurahan', NULL, NULL, 1, '2025-10-30 14:35:29', '2025-10-30 14:35:29'),
(52, '32.01.02.2001', 'Wanaherang', 128, 'desa', NULL, NULL, 1, '2025-10-30 14:35:29', '2025-10-30 14:35:29'),
(53, '32.01.02.2002', 'Bojong Kulur', 128, 'desa', NULL, NULL, 1, '2025-10-30 14:35:29', '2025-10-30 14:35:29'),
(54, '32.01.02.2003', 'Ciangsana', 128, 'desa', NULL, NULL, 1, '2025-10-30 14:35:29', '2025-10-30 14:35:29'),
(55, '32.01.02.2004', 'Gunung Putri', 128, 'desa', NULL, NULL, 1, '2025-10-30 14:35:29', '2025-10-30 14:35:29'),
(56, '32.01.02.2005', 'Bojong Nangka', 128, 'desa', NULL, NULL, 1, '2025-10-30 14:35:29', '2025-10-30 14:35:29'),
(57, '32.01.02.2006', 'Tlajung Udik', 128, 'desa', NULL, NULL, 1, '2025-10-30 14:35:29', '2025-10-30 14:35:29'),
(58, '32.01.02.2007', 'Cicadas', 128, 'desa', NULL, NULL, 1, '2025-10-30 14:35:29', '2025-10-30 14:35:29'),
(59, '32.01.02.2008', 'Cikeas Udik', 128, 'desa', NULL, NULL, 1, '2025-10-30 14:35:29', '2025-10-30 14:35:29'),
(60, '32.01.02.2009', 'Nagrak', 128, 'desa', NULL, NULL, 1, '2025-10-30 14:35:29', '2025-10-30 14:35:29'),
(61, '32.01.02.2010', 'Karanggan', 128, 'desa', NULL, NULL, 1, '2025-10-30 14:35:29', '2025-10-30 14:35:29'),
(62, '32.01.03.1006', 'Puspanegara', 129, 'kelurahan', NULL, NULL, 1, '2025-10-30 14:35:29', '2025-10-30 14:35:29'),
(63, '32.01.03.1007', 'Karang Asem Barat', 129, 'kelurahan', NULL, NULL, 1, '2025-10-30 14:35:29', '2025-10-30 14:35:29'),
(64, '32.01.03.2001', 'Puspasari', 129, 'desa', NULL, NULL, 1, '2025-10-30 14:35:29', '2025-10-30 14:35:29'),
(65, '32.01.03.2002', 'Citeureup', 129, 'desa', NULL, NULL, 1, '2025-10-30 14:35:29', '2025-10-30 14:35:29'),
(66, '32.01.03.2003', 'Leuwinutug', 129, 'desa', NULL, NULL, 1, '2025-10-30 14:35:29', '2025-10-30 14:35:29'),
(67, '32.01.03.2004', 'Tajur', 129, 'desa', NULL, NULL, 1, '2025-10-30 14:35:29', '2025-10-30 14:35:29'),
(68, '32.01.03.2005', 'Sanja', 129, 'desa', NULL, NULL, 1, '2025-10-30 14:35:29', '2025-10-30 14:35:29'),
(69, '32.01.03.2008', 'Karang Asem Timur', 129, 'desa', NULL, NULL, 1, '2025-10-30 14:35:29', '2025-10-30 14:35:29'),
(70, '32.01.03.2009', 'Tarikolot', 129, 'desa', NULL, NULL, 1, '2025-10-30 14:35:29', '2025-10-30 14:35:29'),
(71, '32.01.03.2010', 'Gunungsari', 129, 'desa', NULL, NULL, 1, '2025-10-30 14:35:29', '2025-10-30 14:35:29'),
(72, '32.01.03.2011', 'Tangkil', 129, 'desa', NULL, NULL, 1, '2025-10-30 14:35:29', '2025-10-30 14:35:29'),
(73, '32.01.03.2012', 'Sukahati', 129, 'desa', NULL, NULL, 1, '2025-10-30 14:35:29', '2025-10-30 14:35:29'),
(74, '32.01.03.2013', 'Hambalang', 129, 'desa', NULL, NULL, 1, '2025-10-30 14:35:29', '2025-10-30 14:35:29'),
(75, '32.01.03.2014', 'Pasirmukti', 129, 'desa', NULL, NULL, 1, '2025-10-30 14:35:29', '2025-10-30 14:35:29');

-- --------------------------------------------------------

--
-- Struktur dari tabel `failed_jobs`
--

CREATE TABLE `failed_jobs` (
  `id` bigint(20) UNSIGNED NOT NULL,
  `uuid` varchar(255) NOT NULL,
  `connection` text NOT NULL,
  `queue` text NOT NULL,
  `payload` longtext NOT NULL,
  `exception` longtext NOT NULL,
  `failed_at` timestamp NOT NULL DEFAULT current_timestamp()
) ENGINE=InnoDB DEFAULT CHARSET=utf8mb4 COLLATE=utf8mb4_unicode_ci;

-- --------------------------------------------------------

--
-- Struktur dari tabel `jobs`
--

CREATE TABLE `jobs` (
  `id` bigint(20) UNSIGNED NOT NULL,
  `queue` varchar(255) NOT NULL,
  `payload` longtext NOT NULL,
  `attempts` tinyint(3) UNSIGNED NOT NULL,
  `reserved_at` int(10) UNSIGNED DEFAULT NULL,
  `available_at` int(10) UNSIGNED NOT NULL,
  `created_at` int(10) UNSIGNED NOT NULL
) ENGINE=InnoDB DEFAULT CHARSET=utf8mb4 COLLATE=utf8mb4_unicode_ci;

-- --------------------------------------------------------

--
-- Struktur dari tabel `job_batches`
--

CREATE TABLE `job_batches` (
  `id` varchar(255) NOT NULL,
  `name` varchar(255) NOT NULL,
  `total_jobs` int(11) NOT NULL,
  `pending_jobs` int(11) NOT NULL,
  `failed_jobs` int(11) NOT NULL,
  `failed_job_ids` longtext NOT NULL,
  `options` mediumtext DEFAULT NULL,
  `cancelled_at` int(11) DEFAULT NULL,
  `created_at` int(11) NOT NULL,
  `finished_at` int(11) DEFAULT NULL
) ENGINE=InnoDB DEFAULT CHARSET=utf8mb4 COLLATE=utf8mb4_unicode_ci;

-- --------------------------------------------------------

--
-- Struktur dari tabel `kabupatens`
--

CREATE TABLE `kabupatens` (
  `id` bigint(20) UNSIGNED NOT NULL,
  `kode` varchar(255) NOT NULL,
  `nama` varchar(255) NOT NULL,
  `provinsi_id` bigint(20) UNSIGNED NOT NULL,
  `tipe` enum('kabupaten','kota') NOT NULL,
  `latitude` decimal(10,8) DEFAULT NULL,
  `longitude` decimal(11,8) DEFAULT NULL,
  `aktif` tinyint(1) NOT NULL DEFAULT 1,
  `created_at` timestamp NULL DEFAULT NULL,
  `updated_at` timestamp NULL DEFAULT NULL
) ENGINE=InnoDB DEFAULT CHARSET=utf8mb4 COLLATE=utf8mb4_unicode_ci;

--
-- Dumping data untuk tabel `kabupatens`
--

INSERT INTO `kabupatens` (`id`, `kode`, `nama`, `provinsi_id`, `tipe`, `latitude`, `longitude`, `aktif`, `created_at`, `updated_at`) VALUES
(6, '32.01', 'Bogor', 1, 'kabupaten', NULL, NULL, 0, '2025-10-30 12:09:46', '2025-10-30 12:09:46'),
(7, '32.02', 'Sukabumi', 1, 'kabupaten', NULL, NULL, 1, '2025-10-30 12:09:46', '2025-10-30 12:09:46'),
(8, '32.03', 'Cianjur', 1, 'kabupaten', NULL, NULL, 1, '2025-10-30 12:09:46', '2025-10-30 12:09:46'),
(9, '32.04', 'Bandung', 1, 'kabupaten', NULL, NULL, 1, '2025-10-30 12:09:46', '2025-10-30 12:09:46'),
(10, '32.05', 'Garut', 1, 'kabupaten', NULL, NULL, 1, '2025-10-30 12:09:46', '2025-10-30 12:09:46'),
(11, '32.06', 'Tasikmalaya', 1, 'kabupaten', NULL, NULL, 1, '2025-10-30 12:09:46', '2025-10-30 12:09:46'),
(12, '32.07', 'Ciamis', 1, 'kabupaten', NULL, NULL, 1, '2025-10-30 12:09:46', '2025-10-30 12:09:46'),
(13, '32.08', 'Kuningan', 1, 'kabupaten', NULL, NULL, 1, '2025-10-30 12:09:46', '2025-10-30 12:09:46'),
(14, '32.09', 'Cirebon', 1, 'kabupaten', NULL, NULL, 1, '2025-10-30 12:09:46', '2025-10-30 12:09:46'),
(15, '32.10', 'Majalengka', 1, 'kabupaten', NULL, NULL, 1, '2025-10-30 12:09:46', '2025-10-30 12:09:46'),
(16, '32.11', 'Sumedang', 1, 'kabupaten', NULL, NULL, 1, '2025-10-30 12:09:46', '2025-10-30 12:09:46'),
(17, '32.12', 'Indramayu', 1, 'kabupaten', NULL, NULL, 1, '2025-10-30 12:09:46', '2025-10-30 12:09:46'),
(18, '32.13', 'Subang', 1, 'kabupaten', NULL, NULL, 1, '2025-10-30 12:09:46', '2025-10-30 12:09:46'),
(19, '32.14', 'Purwakarta', 1, 'kabupaten', NULL, NULL, 1, '2025-10-30 12:09:46', '2025-10-30 12:09:46'),
(20, '32.15', 'Karawang', 1, 'kabupaten', NULL, NULL, 1, '2025-10-30 12:09:46', '2025-10-30 12:09:46'),
(21, '32.16', 'Bekasi', 1, 'kabupaten', NULL, NULL, 1, '2025-10-30 12:09:46', '2025-10-30 12:09:46'),
(22, '32.17', 'Bandung Barat', 1, 'kabupaten', NULL, NULL, 1, '2025-10-30 12:09:46', '2025-10-30 12:09:46'),
(23, '32.18', 'Pangandaran', 1, 'kabupaten', NULL, NULL, 1, '2025-10-30 12:09:46', '2025-10-30 12:09:46'),
(24, '32.71', 'Kota Bogor', 1, 'kota', NULL, NULL, 1, '2025-10-30 12:09:46', '2025-10-30 12:09:46'),
(25, '32.72', 'Kota Sukabumi', 1, 'kota', NULL, NULL, 1, '2025-10-30 12:09:46', '2025-10-30 12:09:46'),
(26, '32.73', 'Kota Bandung', 1, 'kota', NULL, NULL, 1, '2025-10-30 12:09:46', '2025-10-30 12:09:46'),
(27, '32.74', 'Kota Cirebon', 1, 'kota', NULL, NULL, 1, '2025-10-30 12:09:46', '2025-10-30 12:09:46'),
(28, '32.75', 'Kota Bekasi', 1, 'kota', NULL, NULL, 1, '2025-10-30 12:09:46', '2025-10-30 12:09:46'),
(29, '32.76', 'Kota Depok', 1, 'kota', NULL, NULL, 1, '2025-10-30 12:09:46', '2025-10-30 12:09:46'),
(30, '32.77', 'Kota Cimahi', 1, 'kota', NULL, NULL, 1, '2025-10-30 12:09:46', '2025-10-30 12:09:46'),
(31, '32.78', 'Kota Tasikmalaya', 1, 'kota', NULL, NULL, 1, '2025-10-30 12:09:46', '2025-10-30 12:09:46'),
(32, '32.79', 'Kota Banjar', 1, 'kota', NULL, NULL, 1, '2025-10-30 12:09:46', '2025-10-30 12:09:46'),
(33, '75.01', 'Gorontalo', 6, 'kabupaten', NULL, NULL, 1, '2025-11-05 01:48:58', '2025-11-05 02:10:30'),
(34, '75.02', 'Boalemo', 6, 'kabupaten', NULL, NULL, 1, '2025-11-05 01:49:27', '2025-11-06 01:59:44'),
(35, '75.03', 'Bone Bolango', 6, 'kabupaten', NULL, NULL, 1, '2025-11-05 01:49:52', '2025-11-05 01:49:52'),
(36, '75.04', 'Pohuwato', 6, 'kabupaten', NULL, NULL, 1, '2025-11-05 01:50:10', '2025-11-05 01:50:10'),
(37, '75.05', 'Gorontalo Utara', 6, 'kabupaten', NULL, NULL, 1, '2025-11-05 01:50:30', '2025-11-05 01:50:30'),
(38, '75.71', 'Kota Gorontalo', 6, 'kota', NULL, NULL, 1, '2025-11-05 01:51:16', '2025-11-05 01:51:16'),
(39, '93.01', 'Merauke', 7, 'kabupaten', NULL, NULL, 1, '2025-11-05 04:22:12', '2025-11-05 04:22:12'),
(40, '93.02', 'Boven Digoel', 7, 'kabupaten', NULL, NULL, 1, '2025-11-05 04:22:44', '2025-11-05 04:22:44'),
(41, '93.03', 'Mappi', 7, 'kabupaten', NULL, NULL, 1, '2025-11-05 04:23:06', '2025-11-05 04:23:06'),
(42, '93.04', 'Asmat', 7, 'kabupaten', NULL, NULL, 1, '2025-11-05 04:23:27', '2025-11-05 04:23:27'),
(43, '53.01', 'Kupang', 8, 'kabupaten', NULL, NULL, 1, '2025-11-05 11:35:11', '2025-11-05 11:35:11'),
(44, '53.02', 'Timor Tengah Selatan', 8, 'kabupaten', NULL, NULL, 1, '2025-11-05 11:35:11', '2025-11-05 11:35:11'),
(45, '53.03', 'Timor Tengah Utara', 8, 'kabupaten', NULL, NULL, 1, '2025-11-05 11:35:11', '2025-11-05 11:35:11'),
(46, '53.04', 'Belu', 8, 'kabupaten', NULL, NULL, 1, '2025-11-05 11:35:11', '2025-11-05 11:35:11'),
(47, '53.05', 'Alor', 8, 'kabupaten', NULL, NULL, 1, '2025-11-05 11:35:11', '2025-11-05 11:35:11'),
(48, '53.06', 'Flores Timur', 8, 'kabupaten', NULL, NULL, 1, '2025-11-05 11:35:11', '2025-11-05 11:35:11'),
(49, '53.07', 'Sikka', 8, 'kabupaten', NULL, NULL, 1, '2025-11-05 11:35:11', '2025-11-05 11:35:11'),
(50, '53.08', 'Ende', 8, 'kabupaten', NULL, NULL, 1, '2025-11-05 11:35:11', '2025-11-05 11:35:11'),
(51, '53.09', 'Ngada', 8, 'kabupaten', NULL, NULL, 1, '2025-11-05 11:35:11', '2025-11-05 11:35:11'),
(52, '53.10', 'Manggarai', 8, 'kabupaten', NULL, NULL, 1, '2025-11-05 11:35:11', '2025-11-05 11:35:11'),
(53, '53.11', 'Sumba Timur', 8, 'kabupaten', NULL, NULL, 1, '2025-11-05 11:35:11', '2025-11-05 11:35:11'),
(54, '53.12', 'Sumba Barat', 8, 'kabupaten', NULL, NULL, 1, '2025-11-05 11:35:11', '2025-11-05 11:35:11'),
(55, '53.13', 'Lembata', 8, 'kabupaten', NULL, NULL, 1, '2025-11-05 11:35:11', '2025-11-05 11:35:11'),
(56, '53.14', 'Rote Ndao', 8, 'kabupaten', NULL, NULL, 1, '2025-11-05 11:35:11', '2025-11-05 11:35:11'),
(57, '53.15', 'Manggarai Barat', 8, 'kabupaten', NULL, NULL, 1, '2025-11-05 11:35:11', '2025-11-05 11:35:11'),
(58, '53.16', 'Nagekeo', 8, 'kabupaten', NULL, NULL, 1, '2025-11-05 11:35:11', '2025-11-05 11:35:11'),
(59, '53.17', 'Sumba Tengah', 8, 'kabupaten', NULL, NULL, 1, '2025-11-05 11:35:11', '2025-11-05 11:35:11'),
(60, '53.18', 'Sumba Barat Daya', 8, 'kabupaten', NULL, NULL, 1, '2025-11-05 11:35:11', '2025-11-05 11:35:11'),
(61, '53.19', 'Manggarai Timur', 8, 'kabupaten', NULL, NULL, 1, '2025-11-05 11:35:11', '2025-11-05 11:35:11'),
(62, '53.20', 'Sabu Raijua', 8, 'kabupaten', NULL, NULL, 1, '2025-11-05 11:35:11', '2025-11-05 11:35:11'),
(63, '53.21', 'Malaka', 8, 'kabupaten', NULL, NULL, 1, '2025-11-05 11:35:11', '2025-11-05 11:35:11'),
(64, '53.71', 'Kota Kupang', 8, 'kota', NULL, NULL, 1, '2025-11-05 11:35:11', '2025-11-05 11:35:11'),
(65, '51.01', 'Jembrana', 9, 'kabupaten', NULL, NULL, 1, '2025-11-05 11:52:55', '2025-11-05 11:52:55'),
(66, '51.02', 'Tabanan', 9, 'kabupaten', NULL, NULL, 1, '2025-11-05 11:52:55', '2025-11-05 11:52:55'),
(67, '51.03', 'Badung', 9, 'kabupaten', NULL, NULL, 1, '2025-11-05 11:52:55', '2025-11-05 11:52:55'),
(68, '51.04', 'Gianyar', 9, 'kabupaten', NULL, NULL, 1, '2025-11-05 11:52:55', '2025-11-05 11:52:55'),
(69, '51.05', 'Klungkung', 9, 'kabupaten', NULL, NULL, 1, '2025-11-05 11:52:55', '2025-11-05 11:52:55'),
(70, '51.06', 'Bangli', 9, 'kabupaten', NULL, NULL, 1, '2025-11-05 11:52:55', '2025-11-05 11:52:55'),
(71, '51.07', 'Karangasem', 9, 'kabupaten', NULL, NULL, 1, '2025-11-05 11:52:55', '2025-11-05 11:52:55'),
(72, '51.08', 'Buleleng', 9, 'kabupaten', NULL, NULL, 1, '2025-11-05 11:52:55', '2025-11-05 11:52:55'),
(73, '51.71', 'Kota Denpasar', 9, 'kota', NULL, NULL, 1, '2025-11-05 11:52:55', '2025-11-05 11:52:55');

-- --------------------------------------------------------

--
-- Struktur dari tabel `kecamatans`
--

CREATE TABLE `kecamatans` (
  `id` bigint(20) UNSIGNED NOT NULL,
  `kode` varchar(255) NOT NULL,
  `nama` varchar(255) NOT NULL,
  `kabupaten_id` bigint(20) UNSIGNED NOT NULL,
  `latitude` decimal(10,8) DEFAULT NULL,
  `longitude` decimal(11,8) DEFAULT NULL,
  `aktif` tinyint(1) NOT NULL DEFAULT 1,
  `created_at` timestamp NULL DEFAULT NULL,
  `updated_at` timestamp NULL DEFAULT NULL
) ENGINE=InnoDB DEFAULT CHARSET=utf8mb4 COLLATE=utf8mb4_unicode_ci;

--
-- Dumping data untuk tabel `kecamatans`
--

INSERT INTO `kecamatans` (`id`, `kode`, `nama`, `kabupaten_id`, `latitude`, `longitude`, `aktif`, `created_at`, `updated_at`) VALUES
(127, '32.01.01', 'Cibinong', 6, NULL, NULL, 1, '2025-10-30 14:21:00', '2025-10-30 14:21:00'),
(128, '32.01.02', 'Gunung Putri', 6, NULL, NULL, 1, '2025-10-30 14:21:00', '2025-10-30 14:21:00'),
(129, '32.01.03', 'Citeureup', 6, NULL, NULL, 1, '2025-10-30 14:21:00', '2025-10-30 14:21:00'),
(130, '32.01.04', 'Sukaraja', 6, NULL, NULL, 1, '2025-10-30 14:21:00', '2025-10-30 14:21:00'),
(131, '32.01.05', 'Babakan Madang', 6, NULL, NULL, 1, '2025-10-30 14:21:00', '2025-10-30 14:21:00'),
(132, '32.01.06', 'Jonggol', 6, NULL, NULL, 1, '2025-10-30 14:21:00', '2025-10-30 14:21:00'),
(133, '32.01.07', 'Cileungsi', 6, NULL, NULL, 1, '2025-10-30 14:21:00', '2025-10-30 14:21:00'),
(134, '32.01.08', 'Cariu', 6, NULL, NULL, 1, '2025-10-30 14:21:00', '2025-10-30 14:21:00'),
(135, '32.01.09', 'Sukamakmur', 6, NULL, NULL, 1, '2025-10-30 14:21:00', '2025-10-30 14:21:00'),
(136, '32.01.10', 'Parung', 6, NULL, NULL, 1, '2025-10-30 14:21:00', '2025-10-30 14:21:00'),
(137, '32.01.11', 'Gunung Sindur', 6, NULL, NULL, 1, '2025-10-30 14:21:00', '2025-10-30 14:21:00'),
(138, '32.01.12', 'Kemang', 6, NULL, NULL, 1, '2025-10-30 14:21:00', '2025-10-30 14:21:00'),
(139, '32.01.13', 'Bojong Gede', 6, NULL, NULL, 1, '2025-10-30 14:21:00', '2025-10-30 14:21:00'),
(140, '32.01.14', 'Leuwiliang', 6, NULL, NULL, 1, '2025-10-30 14:21:00', '2025-10-30 14:21:00'),
(141, '32.01.15', 'Ciampea', 6, NULL, NULL, 1, '2025-10-30 14:21:00', '2025-10-30 14:21:00'),
(142, '32.01.16', 'Cibungbulang', 6, NULL, NULL, 1, '2025-10-30 14:21:00', '2025-10-30 14:21:00'),
(143, '32.01.17', 'Pamijahan', 6, NULL, NULL, 1, '2025-10-30 14:21:00', '2025-10-30 14:21:00'),
(144, '32.01.18', 'Rumpin', 6, NULL, NULL, 1, '2025-10-30 14:21:00', '2025-10-30 14:21:00'),
(145, '32.01.19', 'Jasinga', 6, NULL, NULL, 1, '2025-10-30 14:21:00', '2025-10-30 14:21:00'),
(146, '32.01.20', 'Parung Panjang', 6, NULL, NULL, 1, '2025-10-30 14:21:00', '2025-10-30 14:21:00'),
(147, '32.01.21', 'Nanggung', 6, NULL, NULL, 1, '2025-10-30 14:21:00', '2025-10-30 14:21:00'),
(148, '32.01.22', 'Cigudeg', 6, NULL, NULL, 1, '2025-10-30 14:21:00', '2025-10-30 14:21:00'),
(149, '32.01.23', 'Tenjo', 6, NULL, NULL, 1, '2025-10-30 14:21:00', '2025-10-30 14:21:00'),
(150, '32.01.24', 'Ciawi', 6, NULL, NULL, 1, '2025-10-30 14:21:00', '2025-10-30 14:21:00'),
(151, '32.01.25', 'Cisarua', 6, NULL, NULL, 1, '2025-10-30 14:21:00', '2025-10-30 14:21:00'),
(152, '32.01.26', 'Megamendung', 6, NULL, NULL, 1, '2025-10-30 14:21:00', '2025-10-30 14:21:00'),
(153, '32.01.27', 'Caringin', 6, NULL, NULL, 1, '2025-10-30 14:21:00', '2025-10-30 14:21:00'),
(154, '32.01.28', 'Cijeruk', 6, NULL, NULL, 1, '2025-10-30 14:21:00', '2025-10-30 14:21:00'),
(155, '32.01.29', 'Ciomas', 6, NULL, NULL, 1, '2025-10-30 14:21:00', '2025-10-30 14:21:00'),
(156, '32.01.30', 'Dramaga', 6, NULL, NULL, 1, '2025-10-30 14:21:00', '2025-10-30 14:21:00'),
(157, '32.01.31', 'Tamansari', 6, NULL, NULL, 1, '2025-10-30 14:21:00', '2025-10-30 14:21:00'),
(158, '32.01.32', 'Klapanunggal', 6, NULL, NULL, 1, '2025-10-30 14:21:00', '2025-10-30 14:21:00'),
(159, '32.01.33', 'Ciseeng', 6, NULL, NULL, 1, '2025-10-30 14:21:00', '2025-10-30 14:21:00'),
(160, '32.01.34', 'Ranca Bungur', 6, NULL, NULL, 1, '2025-10-30 14:21:00', '2025-10-30 14:21:00'),
(161, '32.01.35', 'Sukajaya', 6, NULL, NULL, 1, '2025-10-30 14:21:00', '2025-10-30 14:21:00'),
(162, '32.01.36', 'Tanjungsari', 6, NULL, NULL, 1, '2025-10-30 14:21:00', '2025-10-30 14:21:00'),
(163, '32.01.37', 'Tajurhalang', 6, NULL, NULL, 1, '2025-10-30 14:21:00', '2025-10-30 14:21:00'),
(164, '32.01.38', 'Cigombong', 6, NULL, NULL, 1, '2025-10-30 14:21:00', '2025-10-30 14:21:00'),
(165, '32.01.39', 'Leuwisadeng', 6, NULL, NULL, 1, '2025-10-30 14:21:00', '2025-10-30 14:21:00'),
(166, '32.01.40', 'Tenjolaya', 6, NULL, NULL, 1, '2025-10-30 14:21:00', '2025-10-30 14:21:00'),
(167, '32.72.01', 'Gunung Puyuh', 25, NULL, NULL, 1, '2025-10-30 14:24:03', '2025-10-30 14:24:03'),
(168, '32.72.02', 'Cikole', 25, NULL, NULL, 1, '2025-10-30 14:24:03', '2025-10-30 14:24:03'),
(169, '32.72.03', 'Citamiang', 25, NULL, NULL, 1, '2025-10-30 14:24:03', '2025-10-30 14:24:03'),
(170, '32.72.04', 'Warudoyong', 25, NULL, NULL, 1, '2025-10-30 14:24:03', '2025-10-30 14:24:03'),
(171, '32.72.05', 'Baros', 25, NULL, NULL, 1, '2025-10-30 14:24:03', '2025-10-30 14:24:03'),
(172, '32.72.06', 'Lembursitu', 25, NULL, NULL, 1, '2025-10-30 14:24:03', '2025-10-30 14:24:03'),
(173, '32.72.07', 'Cibeureum', 25, NULL, NULL, 1, '2025-10-30 14:24:03', '2025-10-30 14:24:03'),
(174, '75.01.01', 'Limboto', 33, NULL, NULL, 1, '2025-11-05 02:59:10', '2025-11-05 02:59:10'),
(175, '75.01.02', 'Telaga', 33, NULL, NULL, 1, '2025-11-05 10:12:35', '2025-11-05 10:12:35'),
(176, '75.01.03', 'Batudaa', 33, NULL, NULL, 1, '2025-11-05 10:12:35', '2025-11-05 10:12:35'),
(177, '75.01.04', 'Tibawa', 33, NULL, NULL, 1, '2025-11-05 10:12:35', '2025-11-05 10:12:35'),
(178, '75.01.05', 'Batudaa Pantai', 33, NULL, NULL, 1, '2025-11-05 10:12:35', '2025-11-05 10:12:35'),
(179, '75.01.09', 'Boliyohuto (Boliohuto)', 33, NULL, NULL, 1, '2025-11-05 10:12:35', '2025-11-05 10:12:35'),
(180, '75.01.10', 'Telaga Biru', 33, NULL, NULL, 1, '2025-11-05 10:12:35', '2025-11-05 10:12:35'),
(181, '75.01.11', 'Bongomeme', 33, NULL, NULL, 1, '2025-11-05 10:12:35', '2025-11-05 10:12:35'),
(182, '75.01.13', 'Tolangohula', 33, NULL, NULL, 1, '2025-11-05 10:12:35', '2025-11-05 10:12:35'),
(183, '75.01.14', 'Mootilango', 33, NULL, NULL, 1, '2025-11-05 10:12:35', '2025-11-05 10:12:35'),
(184, '75.01.16', 'Pulubala', 33, NULL, NULL, 1, '2025-11-05 10:12:35', '2025-11-05 10:12:35'),
(185, '75.01.17', 'Limboto Barat', 33, NULL, NULL, 1, '2025-11-05 10:12:35', '2025-11-05 10:12:35'),
(186, '75.01.18', 'Tilango', 33, NULL, NULL, 1, '2025-11-05 10:12:35', '2025-11-05 10:12:35'),
(187, '75.01.19', 'Tabongo', 33, NULL, NULL, 1, '2025-11-05 10:12:35', '2025-11-05 10:12:35'),
(188, '75.01.20', 'Biluhu', 33, NULL, NULL, 1, '2025-11-05 10:12:35', '2025-11-05 10:12:35'),
(189, '75.01.21', 'Asparaga', 33, NULL, NULL, 1, '2025-11-05 10:12:35', '2025-11-05 10:12:35'),
(190, '75.01.22', 'Talaga Jaya (Telaga Jaya)', 33, NULL, NULL, 1, '2025-11-05 10:12:35', '2025-11-05 10:12:35'),
(191, '75.01.23', 'Bilato', 33, NULL, NULL, 1, '2025-11-05 10:12:35', '2025-11-05 10:12:35'),
(192, '75.01.24', 'Dungaliyo', 33, NULL, NULL, 1, '2025-11-05 10:12:35', '2025-11-05 10:12:35'),
(193, '75.02.01', 'Paguyaman', 34, NULL, NULL, 1, '2025-11-05 10:12:36', '2025-11-05 10:12:36'),
(194, '75.02.02', 'Wonosari', 34, NULL, NULL, 1, '2025-11-05 10:12:36', '2025-11-05 10:12:36'),
(195, '75.02.03', 'Dulupi', 34, NULL, NULL, 1, '2025-11-05 10:12:36', '2025-11-05 10:12:36'),
(196, '75.02.04', 'Tilamuta', 34, NULL, NULL, 1, '2025-11-05 10:12:36', '2025-11-05 10:12:36'),
(197, '75.02.05', 'Mananggu', 34, NULL, NULL, 1, '2025-11-05 10:12:36', '2025-11-05 10:12:36'),
(198, '75.02.06', 'Botumoito (Botumoita)', 34, NULL, NULL, 1, '2025-11-05 10:12:36', '2025-11-05 10:12:36'),
(199, '75.02.07', 'Paguyaman Pantai', 34, NULL, NULL, 1, '2025-11-05 10:12:36', '2025-11-05 10:12:36'),
(200, '75.03.01', 'Tapa', 35, NULL, NULL, 1, '2025-11-05 10:12:36', '2025-11-05 10:12:36'),
(201, '75.03.02', 'Kabila', 35, NULL, NULL, 1, '2025-11-05 10:12:36', '2025-11-05 10:12:36'),
(202, '75.03.03', 'Suwawa', 35, NULL, NULL, 1, '2025-11-05 10:12:36', '2025-11-05 10:12:36'),
(203, '75.03.04', 'Bonepantai', 35, NULL, NULL, 1, '2025-11-05 10:12:36', '2025-11-05 10:12:36'),
(204, '75.03.05', 'Bulango Utara', 35, NULL, NULL, 1, '2025-11-05 10:12:36', '2025-11-05 10:12:36'),
(205, '75.03.06', 'Tilongkabila', 35, NULL, NULL, 1, '2025-11-05 10:12:36', '2025-11-05 10:12:36'),
(206, '75.03.07', 'Botupingge (Botu Pingge)', 35, NULL, NULL, 1, '2025-11-05 10:12:36', '2025-11-05 10:12:36'),
(207, '75.03.08', 'Kabila Bone', 35, NULL, NULL, 1, '2025-11-05 10:12:36', '2025-11-05 10:12:36'),
(208, '75.03.09', 'Bone', 35, NULL, NULL, 1, '2025-11-05 10:12:36', '2025-11-05 10:12:36'),
(209, '75.03.10', 'Bone Raya', 35, NULL, NULL, 1, '2025-11-05 10:12:36', '2025-11-05 10:12:36'),
(210, '75.03.11', 'Suwawa Timur', 35, NULL, NULL, 1, '2025-11-05 10:12:36', '2025-11-05 10:12:36'),
(211, '75.03.12', 'Suwawa Selatan', 35, NULL, NULL, 1, '2025-11-05 10:12:36', '2025-11-05 10:12:36'),
(212, '75.03.13', 'Suwawa Tengah', 35, NULL, NULL, 1, '2025-11-05 10:12:36', '2025-11-05 10:12:36'),
(213, '75.03.14', 'Bulango Ulu', 35, NULL, NULL, 1, '2025-11-05 10:12:36', '2025-11-05 10:12:36'),
(214, '75.03.15', 'Bulango Selatan', 35, NULL, NULL, 1, '2025-11-05 10:12:36', '2025-11-05 10:12:36'),
(215, '75.03.16', 'Bulango Timur', 35, NULL, NULL, 1, '2025-11-05 10:12:36', '2025-11-05 10:12:36'),
(216, '75.03.17', 'Bulawa', 35, NULL, NULL, 1, '2025-11-05 10:12:36', '2025-11-05 10:12:36'),
(217, '75.03.18', 'Pinogu', 35, NULL, NULL, 1, '2025-11-05 10:12:36', '2025-11-05 10:12:36'),
(218, '75.04.01', 'Popayato', 36, NULL, NULL, 1, '2025-11-05 10:12:36', '2025-11-05 10:12:36'),
(219, '75.04.02', 'Lemito', 36, NULL, NULL, 1, '2025-11-05 10:12:36', '2025-11-05 10:12:36'),
(220, '75.04.03', 'Randangan', 36, NULL, NULL, 1, '2025-11-05 10:12:36', '2025-11-05 10:12:36'),
(221, '75.04.04', 'Marisa', 36, NULL, NULL, 1, '2025-11-05 10:12:36', '2025-11-05 10:12:36'),
(222, '75.04.05', 'Paguat', 36, NULL, NULL, 1, '2025-11-05 10:12:36', '2025-11-05 10:12:36'),
(223, '75.04.06', 'Patilanggio', 36, NULL, NULL, 1, '2025-11-05 10:12:36', '2025-11-05 10:12:36'),
(224, '75.04.07', 'Taluditi (Taluduti)', 36, NULL, NULL, 1, '2025-11-05 10:12:36', '2025-11-05 10:12:36'),
(225, '75.04.08', 'Dengilo', 36, NULL, NULL, 1, '2025-11-05 10:12:36', '2025-11-05 10:12:36'),
(226, '75.04.09', 'Buntulia', 36, NULL, NULL, 1, '2025-11-05 10:12:36', '2025-11-05 10:12:36'),
(227, '75.04.10', 'Duhiadaa', 36, NULL, NULL, 1, '2025-11-05 10:12:36', '2025-11-05 10:12:36'),
(228, '75.04.11', 'Wanggarasi', 36, NULL, NULL, 1, '2025-11-05 10:12:36', '2025-11-05 10:12:36'),
(229, '75.04.12', 'Popayato Timur', 36, NULL, NULL, 1, '2025-11-05 10:12:36', '2025-11-05 10:12:36'),
(230, '75.04.13', 'Popayato Barat', 36, NULL, NULL, 1, '2025-11-05 10:12:36', '2025-11-05 10:12:36'),
(231, '75.05.01', 'Atinggola', 37, NULL, NULL, 1, '2025-11-05 10:12:36', '2025-11-05 10:12:36'),
(232, '75.05.02', 'Kwandang', 37, NULL, NULL, 1, '2025-11-05 10:12:36', '2025-11-05 10:12:36'),
(233, '75.05.03', 'Anggrek', 37, NULL, NULL, 1, '2025-11-05 10:12:36', '2025-11-05 10:12:36'),
(234, '75.05.04', 'Sumalata', 37, NULL, NULL, 1, '2025-11-05 10:12:36', '2025-11-05 10:12:36'),
(235, '75.05.05', 'Tolinggula', 37, NULL, NULL, 1, '2025-11-05 10:12:36', '2025-11-05 10:12:36'),
(236, '75.05.06', 'Gentuma Raya', 37, NULL, NULL, 1, '2025-11-05 10:12:36', '2025-11-05 10:12:36'),
(237, '75.05.07', 'Tomilito (Tomolito)', 37, NULL, NULL, 1, '2025-11-05 10:12:36', '2025-11-05 10:12:36'),
(238, '75.05.08', 'Ponelo Kepulauan', 37, NULL, NULL, 1, '2025-11-05 10:12:36', '2025-11-05 10:12:36'),
(239, '75.05.09', 'Monano', 37, NULL, NULL, 1, '2025-11-05 10:12:36', '2025-11-05 10:12:36'),
(240, '75.05.10', 'Biau', 37, NULL, NULL, 1, '2025-11-05 10:12:36', '2025-11-05 10:12:36'),
(241, '75.05.11', 'Sumalata Timur', 37, NULL, NULL, 1, '2025-11-05 10:12:36', '2025-11-05 10:12:36'),
(242, '75.71.01', 'Kota Barat', 38, NULL, NULL, 1, '2025-11-05 10:12:36', '2025-11-05 10:12:36'),
(243, '75.71.02', 'Kota Selatan', 38, NULL, NULL, 1, '2025-11-05 10:12:36', '2025-11-05 10:12:36'),
(244, '75.71.03', 'Kota Utara', 38, NULL, NULL, 1, '2025-11-05 10:12:36', '2025-11-05 10:12:36'),
(245, '75.71.04', 'Dungingi', 38, NULL, NULL, 1, '2025-11-05 10:12:36', '2025-11-05 10:12:36'),
(246, '75.71.05', 'Kota Timur', 38, NULL, NULL, 1, '2025-11-05 10:12:36', '2025-11-05 10:12:36'),
(247, '75.71.06', 'Kota Tengah', 38, NULL, NULL, 1, '2025-11-05 10:12:36', '2025-11-05 10:12:36'),
(248, '75.71.07', 'Sipatana', 38, NULL, NULL, 1, '2025-11-05 10:12:36', '2025-11-05 10:12:36'),
(249, '75.71.08', 'Dumbo Raya', 38, NULL, NULL, 1, '2025-11-05 10:12:36', '2025-11-05 10:12:36'),
(250, '75.71.09', 'Hulonthalangi', 38, NULL, NULL, 1, '2025-11-05 10:12:36', '2025-11-05 10:12:36'),
(251, '93.01.01', 'Merauke', 39, NULL, NULL, 1, '2025-11-05 11:28:01', '2025-11-05 11:28:01'),
(252, '93.01.02', 'Muting', 39, NULL, NULL, 1, '2025-11-05 11:28:01', '2025-11-05 11:28:01'),
(253, '93.01.03', 'Okaba', 39, NULL, NULL, 1, '2025-11-05 11:28:01', '2025-11-05 11:28:01'),
(254, '93.01.04', 'Kimaam', 39, NULL, NULL, 1, '2025-11-05 11:28:01', '2025-11-05 11:28:01'),
(255, '93.01.05', 'Semangga', 39, NULL, NULL, 1, '2025-11-05 11:28:01', '2025-11-05 11:28:01'),
(256, '93.01.06', 'Tanah Miring', 39, NULL, NULL, 1, '2025-11-05 11:28:01', '2025-11-05 11:28:01'),
(257, '93.01.07', 'Jagebob', 39, NULL, NULL, 1, '2025-11-05 11:28:01', '2025-11-05 11:28:01'),
(258, '93.01.08', 'Sota', 39, NULL, NULL, 1, '2025-11-05 11:28:01', '2025-11-05 11:28:01'),
(259, '93.01.09', 'Ulilin', 39, NULL, NULL, 1, '2025-11-05 11:28:01', '2025-11-05 11:28:01'),
(260, '93.01.10', 'Elikobal', 39, NULL, NULL, 1, '2025-11-05 11:28:01', '2025-11-05 11:28:01'),
(261, '93.01.11', 'Kurik', 39, NULL, NULL, 1, '2025-11-05 11:28:01', '2025-11-05 11:28:01'),
(262, '93.01.12', 'Naukenjerai', 39, NULL, NULL, 1, '2025-11-05 11:28:01', '2025-11-05 11:28:01'),
(263, '93.01.13', 'Animha', 39, NULL, NULL, 1, '2025-11-05 11:28:01', '2025-11-05 11:28:01'),
(264, '93.01.14', 'Malind', 39, NULL, NULL, 1, '2025-11-05 11:28:01', '2025-11-05 11:28:01'),
(265, '93.01.15', 'Tubang', 39, NULL, NULL, 1, '2025-11-05 11:28:01', '2025-11-05 11:28:01'),
(266, '93.01.16', 'Ngguti', 39, NULL, NULL, 1, '2025-11-05 11:28:01', '2025-11-05 11:28:01'),
(267, '93.01.17', 'Kaptel', 39, NULL, NULL, 1, '2025-11-05 11:28:01', '2025-11-05 11:28:01'),
(268, '93.01.18', 'Tabonji', 39, NULL, NULL, 1, '2025-11-05 11:28:01', '2025-11-05 11:28:01'),
(269, '93.01.19', 'Waan', 39, NULL, NULL, 1, '2025-11-05 11:28:01', '2025-11-05 11:28:01'),
(270, '93.01.20', 'Ilwayab (Ilyawab)', 39, NULL, NULL, 1, '2025-11-05 11:28:01', '2025-11-05 11:28:01'),
(271, '93.01.21', 'Padua', 39, NULL, NULL, 1, '2025-11-05 11:28:01', '2025-11-05 11:28:01'),
(272, '93.01.22', 'Kontuar', 39, NULL, NULL, 1, '2025-11-05 11:28:01', '2025-11-05 11:28:01'),
(273, '93.02.01', 'Mandobo', 40, NULL, NULL, 1, '2025-11-05 11:28:01', '2025-11-05 11:28:01'),
(274, '93.02.02', 'Mindiptana', 40, NULL, NULL, 1, '2025-11-05 11:28:01', '2025-11-05 11:28:01'),
(275, '93.02.03', 'Waropko', 40, NULL, NULL, 1, '2025-11-05 11:28:01', '2025-11-05 11:28:01'),
(276, '93.02.04', 'Kouh', 40, NULL, NULL, 1, '2025-11-05 11:28:01', '2025-11-05 11:28:01'),
(277, '93.02.05', 'Jair', 40, NULL, NULL, 1, '2025-11-05 11:28:01', '2025-11-05 11:28:01'),
(278, '93.02.06', 'Bomakia', 40, NULL, NULL, 1, '2025-11-05 11:28:01', '2025-11-05 11:28:01'),
(279, '93.02.07', 'Kombut', 40, NULL, NULL, 1, '2025-11-05 11:28:01', '2025-11-05 11:28:01'),
(280, '93.02.08', 'Iniyandit', 40, NULL, NULL, 1, '2025-11-05 11:28:01', '2025-11-05 11:28:01'),
(281, '93.02.09', 'Arimop', 40, NULL, NULL, 1, '2025-11-05 11:28:01', '2025-11-05 11:28:01'),
(282, '93.02.10', 'Fofi', 40, NULL, NULL, 1, '2025-11-05 11:28:01', '2025-11-05 11:28:01'),
(283, '93.02.11', 'Ambatkwi (Ambatkui)', 40, NULL, NULL, 1, '2025-11-05 11:28:01', '2025-11-05 11:28:01'),
(284, '93.02.12', 'Manggelum', 40, NULL, NULL, 1, '2025-11-05 11:28:01', '2025-11-05 11:28:01'),
(285, '93.02.13', 'Firiwage', 40, NULL, NULL, 1, '2025-11-05 11:28:01', '2025-11-05 11:28:01'),
(286, '93.02.14', 'Yaniruma', 40, NULL, NULL, 1, '2025-11-05 11:28:01', '2025-11-05 11:28:01'),
(287, '93.02.15', 'Subur', 40, NULL, NULL, 1, '2025-11-05 11:28:01', '2025-11-05 11:28:01'),
(288, '93.02.16', 'Kombay', 40, NULL, NULL, 1, '2025-11-05 11:28:01', '2025-11-05 11:28:01'),
(289, '93.02.17', 'Ninati', 40, NULL, NULL, 1, '2025-11-05 11:28:01', '2025-11-05 11:28:01'),
(290, '93.02.18', 'Sesnuk', 40, NULL, NULL, 1, '2025-11-05 11:28:01', '2025-11-05 11:28:01'),
(291, '93.02.19', 'Ki', 40, NULL, NULL, 1, '2025-11-05 11:28:01', '2025-11-05 11:28:01'),
(292, '93.02.20', 'Kawagit', 40, NULL, NULL, 1, '2025-11-05 11:28:01', '2025-11-05 11:28:01'),
(293, '93.03.01', 'Obaa', 41, NULL, NULL, 1, '2025-11-05 11:28:01', '2025-11-05 11:28:01'),
(294, '93.03.02', 'Mambioman Bapai', 41, NULL, NULL, 1, '2025-11-05 11:28:01', '2025-11-05 11:28:01'),
(295, '93.03.03', 'Citak-Mitak (Citakmitak)', 41, NULL, NULL, 1, '2025-11-05 11:28:01', '2025-11-05 11:28:01'),
(296, '93.03.04', 'Edera', 41, NULL, NULL, 1, '2025-11-05 11:28:01', '2025-11-05 11:28:01'),
(297, '93.03.05', 'Haju', 41, NULL, NULL, 1, '2025-11-05 11:28:01', '2025-11-05 11:28:01'),
(298, '93.03.06', 'Assue', 41, NULL, NULL, 1, '2025-11-05 11:28:01', '2025-11-05 11:28:01'),
(299, '93.03.07', 'Kaibar', 41, NULL, NULL, 1, '2025-11-05 11:28:01', '2025-11-05 11:28:01'),
(300, '93.03.08', 'Passue', 41, NULL, NULL, 1, '2025-11-05 11:28:01', '2025-11-05 11:28:01'),
(301, '93.03.09', 'Minyamur', 41, NULL, NULL, 1, '2025-11-05 11:28:01', '2025-11-05 11:28:01'),
(302, '93.03.10', 'Venaha', 41, NULL, NULL, 1, '2025-11-05 11:28:01', '2025-11-05 11:28:01'),
(303, '93.03.11', 'Syahcame', 41, NULL, NULL, 1, '2025-11-05 11:28:01', '2025-11-05 11:28:01'),
(304, '93.03.12', 'Yakomi', 41, NULL, NULL, 1, '2025-11-05 11:28:01', '2025-11-05 11:28:01'),
(305, '93.03.13', 'Bamgi', 41, NULL, NULL, 1, '2025-11-05 11:28:01', '2025-11-05 11:28:01'),
(306, '93.03.14', 'Passue Bawah', 41, NULL, NULL, 1, '2025-11-05 11:28:01', '2025-11-05 11:28:01'),
(307, '93.03.15', 'Ti Zain', 41, NULL, NULL, 1, '2025-11-05 11:28:01', '2025-11-05 11:28:01'),
(308, '93.04.01', 'Agats', 42, NULL, NULL, 1, '2025-11-05 11:28:01', '2025-11-05 11:28:01'),
(309, '93.04.02', 'Atsj (Atsy)', 42, NULL, NULL, 1, '2025-11-05 11:28:01', '2025-11-05 11:28:01'),
(310, '93.04.03', 'Sawa Erma', 42, NULL, NULL, 1, '2025-11-05 11:28:01', '2025-11-05 11:28:01'),
(311, '93.04.04', 'Akat', 42, NULL, NULL, 1, '2025-11-05 11:28:01', '2025-11-05 11:28:01'),
(312, '93.04.05', 'Fayit', 42, NULL, NULL, 1, '2025-11-05 11:28:01', '2025-11-05 11:28:01'),
(313, '93.04.06', 'Pantai Kasuari', 42, NULL, NULL, 1, '2025-11-05 11:28:01', '2025-11-05 11:28:01'),
(314, '93.04.07', 'Suator', 42, NULL, NULL, 1, '2025-11-05 11:28:01', '2025-11-05 11:28:01'),
(315, '93.04.08', 'Suru-suru', 42, NULL, NULL, 1, '2025-11-05 11:28:01', '2025-11-05 11:28:01'),
(316, '93.04.09', 'Kolf Braza', 42, NULL, NULL, 1, '2025-11-05 11:28:01', '2025-11-05 11:28:01'),
(317, '93.04.10', 'Unir Sirau', 42, NULL, NULL, 1, '2025-11-05 11:28:01', '2025-11-05 11:28:01'),
(318, '93.04.11', 'Joerat', 42, NULL, NULL, 1, '2025-11-05 11:28:01', '2025-11-05 11:28:01'),
(319, '93.04.12', 'Pulau Tiga', 42, NULL, NULL, 1, '2025-11-05 11:28:01', '2025-11-05 11:28:01'),
(320, '93.04.13', 'Jetsy', 42, NULL, NULL, 1, '2025-11-05 11:28:01', '2025-11-05 11:28:01'),
(321, '93.04.14', 'Der Koumur', 42, NULL, NULL, 1, '2025-11-05 11:28:01', '2025-11-05 11:28:01'),
(322, '93.04.15', 'Kopay', 42, NULL, NULL, 1, '2025-11-05 11:28:01', '2025-11-05 11:28:01'),
(323, '93.04.16', 'Safan', 42, NULL, NULL, 1, '2025-11-05 11:28:01', '2025-11-05 11:28:01'),
(324, '93.04.17', 'Sirets', 42, NULL, NULL, 1, '2025-11-05 11:28:01', '2025-11-05 11:28:01'),
(325, '93.04.18', 'Ayip', 42, NULL, NULL, 1, '2025-11-05 11:28:01', '2025-11-05 11:28:01'),
(326, '93.04.19', 'Betcbamu', 42, NULL, NULL, 1, '2025-11-05 11:28:01', '2025-11-05 11:28:01'),
(327, '93.04.20', 'Joutu', 42, NULL, NULL, 1, '2025-11-05 11:28:01', '2025-11-05 11:28:01'),
(328, '93.04.21', 'Aswi', 42, NULL, NULL, 1, '2025-11-05 11:28:01', '2025-11-05 11:28:01'),
(329, '93.04.22', 'Awyu', 42, NULL, NULL, 1, '2025-11-05 11:28:01', '2025-11-05 11:28:01'),
(330, '93.04.23', 'Koroway Buluanop', 42, NULL, NULL, 1, '2025-11-05 11:28:01', '2025-11-05 11:28:01'),
(331, '93.04.24', 'Tomor Birip', 42, NULL, NULL, 1, '2025-11-05 11:28:01', '2025-11-05 11:28:01'),
(332, '93.04.25', 'Sor Ep', 42, NULL, NULL, 1, '2025-11-05 11:28:01', '2025-11-05 11:28:01'),
(333, '53.01.04', 'Semau', 43, NULL, NULL, 1, '2025-11-05 11:48:48', '2025-11-05 11:48:48'),
(334, '53.01.05', 'Kupang Barat', 43, NULL, NULL, 1, '2025-11-05 11:48:48', '2025-11-05 11:48:48'),
(335, '53.01.06', 'Kupang Timur', 43, NULL, NULL, 1, '2025-11-05 11:48:48', '2025-11-05 11:48:48'),
(336, '53.01.07', 'Sulamu', 43, NULL, NULL, 1, '2025-11-05 11:48:48', '2025-11-05 11:48:48'),
(337, '53.01.08', 'Kupang Tengah', 43, NULL, NULL, 1, '2025-11-05 11:48:48', '2025-11-05 11:48:48'),
(338, '53.01.09', 'Amarasi', 43, NULL, NULL, 1, '2025-11-05 11:48:48', '2025-11-05 11:48:48'),
(339, '53.01.10', 'Fatuleu', 43, NULL, NULL, 1, '2025-11-05 11:48:48', '2025-11-05 11:48:48'),
(340, '53.01.11', 'Takari', 43, NULL, NULL, 1, '2025-11-05 11:48:48', '2025-11-05 11:48:48'),
(341, '53.01.12', 'Amfoang Selatan', 43, NULL, NULL, 1, '2025-11-05 11:48:48', '2025-11-05 11:48:48'),
(342, '53.01.13', 'Amfoang Utara', 43, NULL, NULL, 1, '2025-11-05 11:48:48', '2025-11-05 11:48:48'),
(343, '53.01.16', 'Nekamese', 43, NULL, NULL, 1, '2025-11-05 11:48:48', '2025-11-05 11:48:48'),
(344, '53.01.17', 'Amarasi Barat', 43, NULL, NULL, 1, '2025-11-05 11:48:48', '2025-11-05 11:48:48'),
(345, '53.01.18', 'Amarasi Selatan', 43, NULL, NULL, 1, '2025-11-05 11:48:48', '2025-11-05 11:48:48'),
(346, '53.01.19', 'Amarasi Timur', 43, NULL, NULL, 1, '2025-11-05 11:48:48', '2025-11-05 11:48:48'),
(347, '53.01.20', 'Amabi Oefeto Timur', 43, NULL, NULL, 1, '2025-11-05 11:48:48', '2025-11-05 11:48:48'),
(348, '53.01.21', 'Amfoang Barat Daya', 43, NULL, NULL, 1, '2025-11-05 11:48:48', '2025-11-05 11:48:48'),
(349, '53.01.22', 'Amfoang Barat Laut', 43, NULL, NULL, 1, '2025-11-05 11:48:48', '2025-11-05 11:48:48'),
(350, '53.01.23', 'Semau Selatan', 43, NULL, NULL, 1, '2025-11-05 11:48:48', '2025-11-05 11:48:48'),
(351, '53.01.24', 'Taebenu', 43, NULL, NULL, 1, '2025-11-05 11:48:48', '2025-11-05 11:48:48'),
(352, '53.01.25', 'Amabi Oefeto', 43, NULL, NULL, 1, '2025-11-05 11:48:48', '2025-11-05 11:48:48'),
(353, '53.01.26', 'Amfoang Timur', 43, NULL, NULL, 1, '2025-11-05 11:48:48', '2025-11-05 11:48:48'),
(354, '53.01.27', 'Fatuleu Barat', 43, NULL, NULL, 1, '2025-11-05 11:48:48', '2025-11-05 11:48:48'),
(355, '53.01.28', 'Fatuleu Tengah', 43, NULL, NULL, 1, '2025-11-05 11:48:48', '2025-11-05 11:48:48'),
(356, '53.01.30', 'Amfoang Tengah', 43, NULL, NULL, 1, '2025-11-05 11:48:48', '2025-11-05 11:48:48'),
(357, '53.02.01', 'Kota Soe', 44, NULL, NULL, 1, '2025-11-05 11:48:48', '2025-11-05 11:48:48'),
(358, '53.02.02', 'Mollo Selatan', 44, NULL, NULL, 1, '2025-11-05 11:48:48', '2025-11-05 11:48:48'),
(359, '53.02.03', 'Mollo Utara', 44, NULL, NULL, 1, '2025-11-05 11:48:48', '2025-11-05 11:48:48'),
(360, '53.02.04', 'Amanuban Timur', 44, NULL, NULL, 1, '2025-11-05 11:48:48', '2025-11-05 11:48:48'),
(361, '53.02.05', 'Amanuban Tengah', 44, NULL, NULL, 1, '2025-11-05 11:48:48', '2025-11-05 11:48:48'),
(362, '53.02.06', 'Amanuban Selatan', 44, NULL, NULL, 1, '2025-11-05 11:48:48', '2025-11-05 11:48:48'),
(363, '53.02.07', 'Amanuban Barat', 44, NULL, NULL, 1, '2025-11-05 11:48:48', '2025-11-05 11:48:48'),
(364, '53.02.08', 'Amanatun Selatan', 44, NULL, NULL, 1, '2025-11-05 11:48:48', '2025-11-05 11:48:48'),
(365, '53.02.09', 'Amanatun Utara', 44, NULL, NULL, 1, '2025-11-05 11:48:48', '2025-11-05 11:48:48'),
(366, '53.02.10', 'KI\'E (Kie, Ki\'e)', 44, NULL, NULL, 1, '2025-11-05 11:48:48', '2025-11-05 11:48:48'),
(367, '53.02.11', 'Kuanfatu', 44, NULL, NULL, 1, '2025-11-05 11:48:48', '2025-11-05 11:48:48'),
(368, '53.02.12', 'Fatumnasi', 44, NULL, NULL, 1, '2025-11-05 11:48:48', '2025-11-05 11:48:48'),
(369, '53.02.13', 'Polen', 44, NULL, NULL, 1, '2025-11-05 11:48:48', '2025-11-05 11:48:48'),
(370, '53.02.14', 'Batu Putih', 44, NULL, NULL, 1, '2025-11-05 11:48:48', '2025-11-05 11:48:48'),
(371, '53.02.15', 'Boking', 44, NULL, NULL, 1, '2025-11-05 11:48:48', '2025-11-05 11:48:48'),
(372, '53.02.16', 'Toianas', 44, NULL, NULL, 1, '2025-11-05 11:48:48', '2025-11-05 11:48:48'),
(373, '53.02.17', 'Nunkolo', 44, NULL, NULL, 1, '2025-11-05 11:48:48', '2025-11-05 11:48:48'),
(374, '53.02.18', 'Oenino', 44, NULL, NULL, 1, '2025-11-05 11:48:48', '2025-11-05 11:48:48'),
(375, '53.02.19', 'Kolbano', 44, NULL, NULL, 1, '2025-11-05 11:48:48', '2025-11-05 11:48:48'),
(376, '53.02.20', 'Kot Olin', 44, NULL, NULL, 1, '2025-11-05 11:48:48', '2025-11-05 11:48:48'),
(377, '53.02.21', 'Kualin', 44, NULL, NULL, 1, '2025-11-05 11:48:48', '2025-11-05 11:48:48'),
(378, '53.02.22', 'Mollo Barat', 44, NULL, NULL, 1, '2025-11-05 11:48:48', '2025-11-05 11:48:48'),
(379, '53.02.23', 'Kok Baun', 44, NULL, NULL, 1, '2025-11-05 11:48:48', '2025-11-05 11:48:48'),
(380, '53.02.24', 'Noebana', 44, NULL, NULL, 1, '2025-11-05 11:48:48', '2025-11-05 11:48:48'),
(381, '53.02.25', 'Santian', 44, NULL, NULL, 1, '2025-11-05 11:48:48', '2025-11-05 11:48:48'),
(382, '53.02.26', 'Noebeba', 44, NULL, NULL, 1, '2025-11-05 11:48:48', '2025-11-05 11:48:48'),
(383, '53.02.27', 'Kuatnana', 44, NULL, NULL, 1, '2025-11-05 11:48:48', '2025-11-05 11:48:48'),
(384, '53.02.28', 'Fautmolo', 44, NULL, NULL, 1, '2025-11-05 11:48:48', '2025-11-05 11:48:48'),
(385, '53.02.29', 'Fatukopa', 44, NULL, NULL, 1, '2025-11-05 11:48:48', '2025-11-05 11:48:48'),
(386, '53.02.30', 'Mollo Tengah', 44, NULL, NULL, 1, '2025-11-05 11:48:48', '2025-11-05 11:48:48'),
(387, '53.02.31', 'Tobu', 44, NULL, NULL, 1, '2025-11-05 11:48:48', '2025-11-05 11:48:48'),
(388, '53.02.32', 'Nunbena', 44, NULL, NULL, 1, '2025-11-05 11:48:48', '2025-11-05 11:48:48'),
(389, '53.03.01', 'Miomaffo Timur (Miomafo Timur)', 45, NULL, NULL, 1, '2025-11-05 11:48:48', '2025-11-05 11:48:48'),
(390, '53.03.02', 'Miomaffo Barat (Miomafo Barat)', 45, NULL, NULL, 1, '2025-11-05 11:48:48', '2025-11-05 11:48:48'),
(391, '53.03.03', 'Biboki Selatan', 45, NULL, NULL, 1, '2025-11-05 11:48:48', '2025-11-05 11:48:48'),
(392, '53.03.04', 'Noemuti', 45, NULL, NULL, 1, '2025-11-05 11:48:48', '2025-11-05 11:48:48'),
(393, '53.03.05', 'Kota Kefamenanu', 45, NULL, NULL, 1, '2025-11-05 11:48:48', '2025-11-05 11:48:48'),
(394, '53.03.06', 'Biboki Utara', 45, NULL, NULL, 1, '2025-11-05 11:48:48', '2025-11-05 11:48:48'),
(395, '53.03.07', 'Biboki Anleu', 45, NULL, NULL, 1, '2025-11-05 11:48:48', '2025-11-05 11:48:48'),
(396, '53.03.08', 'Insana', 45, NULL, NULL, 1, '2025-11-05 11:48:48', '2025-11-05 11:48:48'),
(397, '53.03.09', 'Insana Utara', 45, NULL, NULL, 1, '2025-11-05 11:48:48', '2025-11-05 11:48:48'),
(398, '53.03.10', 'Noemuti Timur', 45, NULL, NULL, 1, '2025-11-05 11:48:48', '2025-11-05 11:48:48'),
(399, '53.03.11', 'Miomaffo Tengah (Miomafo Tengah)', 45, NULL, NULL, 1, '2025-11-05 11:48:48', '2025-11-05 11:48:48'),
(400, '53.03.12', 'Musi', 45, NULL, NULL, 1, '2025-11-05 11:48:48', '2025-11-05 11:48:48'),
(401, '53.03.13', 'Mutis', 45, NULL, NULL, 1, '2025-11-05 11:48:48', '2025-11-05 11:48:48'),
(402, '53.03.14', 'Bikomi Selatan', 45, NULL, NULL, 1, '2025-11-05 11:48:48', '2025-11-05 11:48:48'),
(403, '53.03.15', 'Bikomi Tengah', 45, NULL, NULL, 1, '2025-11-05 11:48:48', '2025-11-05 11:48:48'),
(404, '53.03.16', 'Bikomi Nilulat', 45, NULL, NULL, 1, '2025-11-05 11:48:48', '2025-11-05 11:48:48'),
(405, '53.03.17', 'Bikomi Utara', 45, NULL, NULL, 1, '2025-11-05 11:48:48', '2025-11-05 11:48:48'),
(406, '53.03.18', 'Naibenu', 45, NULL, NULL, 1, '2025-11-05 11:48:48', '2025-11-05 11:48:48'),
(407, '53.03.19', 'Insana Fafinesu', 45, NULL, NULL, 1, '2025-11-05 11:48:48', '2025-11-05 11:48:48'),
(408, '53.03.20', 'Insana Barat', 45, NULL, NULL, 1, '2025-11-05 11:48:48', '2025-11-05 11:48:48'),
(409, '53.03.21', 'Insana Tengah', 45, NULL, NULL, 1, '2025-11-05 11:48:48', '2025-11-05 11:48:48'),
(410, '53.03.22', 'Biboki Tan Pah', 45, NULL, NULL, 1, '2025-11-05 11:48:48', '2025-11-05 11:48:48'),
(411, '53.03.23', 'Biboki Moenleu', 45, NULL, NULL, 1, '2025-11-05 11:48:48', '2025-11-05 11:48:48'),
(412, '53.03.24', 'Biboki Feotleu', 45, NULL, NULL, 1, '2025-11-05 11:48:48', '2025-11-05 11:48:48'),
(413, '53.04.01', 'Lamaknen', 46, NULL, NULL, 1, '2025-11-05 11:48:48', '2025-11-05 11:48:48'),
(414, '53.04.02', 'Tasifeto Timur', 46, NULL, NULL, 1, '2025-11-05 11:48:48', '2025-11-05 11:48:48'),
(415, '53.04.03', 'Raihat', 46, NULL, NULL, 1, '2025-11-05 11:48:48', '2025-11-05 11:48:48'),
(416, '53.04.04', 'Tasifeto Barat', 46, NULL, NULL, 1, '2025-11-05 11:48:48', '2025-11-05 11:48:48'),
(417, '53.04.05', 'Kakuluk Mesak', 46, NULL, NULL, 1, '2025-11-05 11:48:48', '2025-11-05 11:48:48'),
(418, '53.04.12', 'Kota Atambua (Atambua Kota)', 46, NULL, NULL, 1, '2025-11-05 11:48:48', '2025-11-05 11:48:48'),
(419, '53.04.13', 'Raimanuk', 46, NULL, NULL, 1, '2025-11-05 11:48:48', '2025-11-05 11:48:48'),
(420, '53.04.17', 'Lasiolat', 46, NULL, NULL, 1, '2025-11-05 11:48:48', '2025-11-05 11:48:48'),
(421, '53.04.18', 'Lamaknen Selatan', 46, NULL, NULL, 1, '2025-11-05 11:48:48', '2025-11-05 11:48:48'),
(422, '53.04.21', 'Atambua Barat', 46, NULL, NULL, 1, '2025-11-05 11:48:48', '2025-11-05 11:48:48'),
(423, '53.04.22', 'Atambua Selatan', 46, NULL, NULL, 1, '2025-11-05 11:48:48', '2025-11-05 11:48:48'),
(424, '53.04.23', 'Nanaet Duabesi', 46, NULL, NULL, 1, '2025-11-05 11:48:48', '2025-11-05 11:48:48'),
(425, '53.05.01', 'Teluk Mutiara', 47, NULL, NULL, 1, '2025-11-05 11:48:48', '2025-11-05 11:48:48'),
(426, '53.05.02', 'Alor Barat Laut', 47, NULL, NULL, 1, '2025-11-05 11:48:48', '2025-11-05 11:48:48'),
(427, '53.05.03', 'Alor Barat Daya', 47, NULL, NULL, 1, '2025-11-05 11:48:48', '2025-11-05 11:48:48'),
(428, '53.05.04', 'Alor Selatan', 47, NULL, NULL, 1, '2025-11-05 11:48:48', '2025-11-05 11:48:48'),
(429, '53.05.05', 'Alor Timur', 47, NULL, NULL, 1, '2025-11-05 11:48:48', '2025-11-05 11:48:48'),
(430, '53.05.06', 'Pantar', 47, NULL, NULL, 1, '2025-11-05 11:48:48', '2025-11-05 11:48:48'),
(431, '53.05.07', 'Alor Tengah Utara', 47, NULL, NULL, 1, '2025-11-05 11:48:48', '2025-11-05 11:48:48'),
(432, '53.05.08', 'Alor Timur Laut', 47, NULL, NULL, 1, '2025-11-05 11:48:48', '2025-11-05 11:48:48'),
(433, '53.05.09', 'Pantar Barat', 47, NULL, NULL, 1, '2025-11-05 11:48:48', '2025-11-05 11:48:48'),
(434, '53.05.10', 'Kabola', 47, NULL, NULL, 1, '2025-11-05 11:48:48', '2025-11-05 11:48:48'),
(435, '53.05.11', 'Pulau Pura', 47, NULL, NULL, 1, '2025-11-05 11:48:48', '2025-11-05 11:48:48'),
(436, '53.05.12', 'Mataru', 47, NULL, NULL, 1, '2025-11-05 11:48:48', '2025-11-05 11:48:48'),
(437, '53.05.13', 'Pureman', 47, NULL, NULL, 1, '2025-11-05 11:48:48', '2025-11-05 11:48:48'),
(438, '53.05.14', 'Pantar Timur', 47, NULL, NULL, 1, '2025-11-05 11:48:48', '2025-11-05 11:48:48'),
(439, '53.05.15', 'Lembur', 47, NULL, NULL, 1, '2025-11-05 11:48:48', '2025-11-05 11:48:48'),
(440, '53.05.16', 'Pantar Tengah', 47, NULL, NULL, 1, '2025-11-05 11:48:48', '2025-11-05 11:48:48'),
(441, '53.05.17', 'Pantar Baru Laut', 47, NULL, NULL, 1, '2025-11-05 11:48:48', '2025-11-05 11:48:48'),
(442, '53.05.18', 'Abad Selatan', 47, NULL, NULL, 1, '2025-11-05 11:48:48', '2025-11-05 11:48:48'),
(443, '53.06.01', 'Wulanggitang', 48, NULL, NULL, 1, '2025-11-05 11:48:48', '2025-11-05 11:48:48'),
(444, '53.06.02', 'Titehena', 48, NULL, NULL, 1, '2025-11-05 11:48:48', '2025-11-05 11:48:48'),
(445, '53.06.03', 'Larantuka', 48, NULL, NULL, 1, '2025-11-05 11:48:48', '2025-11-05 11:48:48'),
(446, '53.06.04', 'Ile Mandiri', 48, NULL, NULL, 1, '2025-11-05 11:48:48', '2025-11-05 11:48:48'),
(447, '53.06.05', 'Tanjung Bunga', 48, NULL, NULL, 1, '2025-11-05 11:48:48', '2025-11-05 11:48:48'),
(448, '53.06.06', 'Solor Barat', 48, NULL, NULL, 1, '2025-11-05 11:48:48', '2025-11-05 11:48:48'),
(449, '53.06.07', 'Solor Timur', 48, NULL, NULL, 1, '2025-11-05 11:48:48', '2025-11-05 11:48:48'),
(450, '53.06.08', 'Adonara Barat', 48, NULL, NULL, 1, '2025-11-05 11:48:48', '2025-11-05 11:48:48'),
(451, '53.06.09', 'Wotan Ulumando', 48, NULL, NULL, 1, '2025-11-05 11:48:48', '2025-11-05 11:48:48'),
(452, '53.06.10', 'Adonara Timur', 48, NULL, NULL, 1, '2025-11-05 11:48:48', '2025-11-05 11:48:48'),
(453, '53.06.11', 'Kelubagolit', 48, NULL, NULL, 1, '2025-11-05 11:48:48', '2025-11-05 11:48:48'),
(454, '53.06.12', 'Witihama', 48, NULL, NULL, 1, '2025-11-05 11:48:48', '2025-11-05 11:48:48'),
(455, '53.06.13', 'Ile Boleng', 48, NULL, NULL, 1, '2025-11-05 11:48:48', '2025-11-05 11:48:48'),
(456, '53.06.14', 'Demon Pagong', 48, NULL, NULL, 1, '2025-11-05 11:48:48', '2025-11-05 11:48:48'),
(457, '53.06.15', 'Lewolema', 48, NULL, NULL, 1, '2025-11-05 11:48:48', '2025-11-05 11:48:48'),
(458, '53.06.16', 'Ile Bura', 48, NULL, NULL, 1, '2025-11-05 11:48:48', '2025-11-05 11:48:48'),
(459, '53.06.17', 'Adonara', 48, NULL, NULL, 1, '2025-11-05 11:48:48', '2025-11-05 11:48:48'),
(460, '53.06.18', 'Adonara Tengah', 48, NULL, NULL, 1, '2025-11-05 11:48:48', '2025-11-05 11:48:48'),
(461, '53.06.19', 'Solor Selatan', 48, NULL, NULL, 1, '2025-11-05 11:48:48', '2025-11-05 11:48:48'),
(462, '53.07.01', 'Paga', 49, NULL, NULL, 1, '2025-11-05 11:48:48', '2025-11-05 11:48:48'),
(463, '53.07.02', 'Mego', 49, NULL, NULL, 1, '2025-11-05 11:48:48', '2025-11-05 11:48:48'),
(464, '53.07.03', 'Lela', 49, NULL, NULL, 1, '2025-11-05 11:48:48', '2025-11-05 11:48:48'),
(465, '53.07.04', 'Nita', 49, NULL, NULL, 1, '2025-11-05 11:48:48', '2025-11-05 11:48:48'),
(466, '53.07.05', 'Alok', 49, NULL, NULL, 1, '2025-11-05 11:48:48', '2025-11-05 11:48:48'),
(467, '53.07.06', 'Palue', 49, NULL, NULL, 1, '2025-11-05 11:48:48', '2025-11-05 11:48:48'),
(468, '53.07.07', 'Nelle (Maumerei)', 49, NULL, NULL, 1, '2025-11-05 11:48:48', '2025-11-05 11:48:48'),
(469, '53.07.08', 'Talibura', 49, NULL, NULL, 1, '2025-11-05 11:48:48', '2025-11-05 11:48:48'),
(470, '53.07.09', 'Waigete', 49, NULL, NULL, 1, '2025-11-05 11:48:48', '2025-11-05 11:48:48'),
(471, '53.07.10', 'Kewapante', 49, NULL, NULL, 1, '2025-11-05 11:48:48', '2025-11-05 11:48:48'),
(472, '53.07.11', 'Bola', 49, NULL, NULL, 1, '2025-11-05 11:48:48', '2025-11-05 11:48:48'),
(473, '53.07.12', 'Magepanda', 49, NULL, NULL, 1, '2025-11-05 11:48:48', '2025-11-05 11:48:48'),
(474, '53.07.13', 'Waiblama', 49, NULL, NULL, 1, '2025-11-05 11:48:48', '2025-11-05 11:48:48'),
(475, '53.07.14', 'Alok Barat', 49, NULL, NULL, 1, '2025-11-05 11:48:48', '2025-11-05 11:48:48'),
(476, '53.07.15', 'Alok Timur', 49, NULL, NULL, 1, '2025-11-05 11:48:48', '2025-11-05 11:48:48'),
(477, '53.07.16', 'Koting', 49, NULL, NULL, 1, '2025-11-05 11:48:48', '2025-11-05 11:48:48'),
(478, '53.07.17', 'Tana Wawo', 49, NULL, NULL, 1, '2025-11-05 11:48:48', '2025-11-05 11:48:48'),
(479, '53.07.18', 'Hewokloang', 49, NULL, NULL, 1, '2025-11-05 11:48:48', '2025-11-05 11:48:48'),
(480, '53.07.19', 'Kangae', 49, NULL, NULL, 1, '2025-11-05 11:48:48', '2025-11-05 11:48:48'),
(481, '53.07.20', 'Doreng', 49, NULL, NULL, 1, '2025-11-05 11:48:48', '2025-11-05 11:48:48'),
(482, '53.07.21', 'Mapitara', 49, NULL, NULL, 1, '2025-11-05 11:48:48', '2025-11-05 11:48:48'),
(483, '53.08.01', 'Nangapanda', 50, NULL, NULL, 1, '2025-11-05 11:48:48', '2025-11-05 11:48:48'),
(484, '53.08.02', 'Pulau Ende', 50, NULL, NULL, 1, '2025-11-05 11:48:48', '2025-11-05 11:48:48'),
(485, '53.08.03', 'Ende', 50, NULL, NULL, 1, '2025-11-05 11:48:48', '2025-11-05 11:48:48'),
(486, '53.08.04', 'Ende Selatan', 50, NULL, NULL, 1, '2025-11-05 11:48:48', '2025-11-05 11:48:48'),
(487, '53.08.05', 'Ndona', 50, NULL, NULL, 1, '2025-11-05 11:48:48', '2025-11-05 11:48:48'),
(488, '53.08.06', 'Detusoko', 50, NULL, NULL, 1, '2025-11-05 11:48:48', '2025-11-05 11:48:48'),
(489, '53.08.07', 'Wewaria', 50, NULL, NULL, 1, '2025-11-05 11:48:48', '2025-11-05 11:48:48'),
(490, '53.08.08', 'Wolowaru', 50, NULL, NULL, 1, '2025-11-05 11:48:48', '2025-11-05 11:48:48'),
(491, '53.08.09', 'Wolojita', 50, NULL, NULL, 1, '2025-11-05 11:48:48', '2025-11-05 11:48:48'),
(492, '53.08.10', 'Maurole', 50, NULL, NULL, 1, '2025-11-05 11:48:48', '2025-11-05 11:48:48'),
(493, '53.08.11', 'Maukaro', 50, NULL, NULL, 1, '2025-11-05 11:48:48', '2025-11-05 11:48:48'),
(494, '53.08.12', 'Lio Timur', 50, NULL, NULL, 1, '2025-11-05 11:48:48', '2025-11-05 11:48:48'),
(495, '53.08.13', 'Kota Baru', 50, NULL, NULL, 1, '2025-11-05 11:48:48', '2025-11-05 11:48:48'),
(496, '53.08.14', 'Kelimutu', 50, NULL, NULL, 1, '2025-11-05 11:48:48', '2025-11-05 11:48:48'),
(497, '53.08.15', 'Detukeli', 50, NULL, NULL, 1, '2025-11-05 11:48:48', '2025-11-05 11:48:48'),
(498, '53.08.16', 'Ndona Timur', 50, NULL, NULL, 1, '2025-11-05 11:48:48', '2025-11-05 11:48:48'),
(499, '53.08.17', 'Ndori', 50, NULL, NULL, 1, '2025-11-05 11:48:48', '2025-11-05 11:48:48'),
(500, '53.08.18', 'Ende Utara', 50, NULL, NULL, 1, '2025-11-05 11:48:48', '2025-11-05 11:48:48'),
(501, '53.08.19', 'Ende Tengah', 50, NULL, NULL, 1, '2025-11-05 11:48:48', '2025-11-05 11:48:48'),
(502, '53.08.20', 'Ende Timur', 50, NULL, NULL, 1, '2025-11-05 11:48:48', '2025-11-05 11:48:48'),
(503, '53.08.21', 'Lepembusu Kelisoke', 50, NULL, NULL, 1, '2025-11-05 11:48:48', '2025-11-05 11:48:48'),
(504, '53.09.01', 'Aimere', 51, NULL, NULL, 1, '2025-11-05 11:48:48', '2025-11-05 11:48:48'),
(505, '53.09.02', 'Golewa', 51, NULL, NULL, 1, '2025-11-05 11:48:48', '2025-11-05 11:48:48'),
(506, '53.09.06', 'Bajawa', 51, NULL, NULL, 1, '2025-11-05 11:48:48', '2025-11-05 11:48:48'),
(507, '53.09.07', 'Soa', 51, NULL, NULL, 1, '2025-11-05 11:48:48', '2025-11-05 11:48:48'),
(508, '53.09.09', 'Riung', 51, NULL, NULL, 1, '2025-11-05 11:48:48', '2025-11-05 11:48:48'),
(509, '53.09.12', 'Jerebuu', 51, NULL, NULL, 1, '2025-11-05 11:48:48', '2025-11-05 11:48:48'),
(510, '53.09.14', 'Riung Barat', 51, NULL, NULL, 1, '2025-11-05 11:48:48', '2025-11-05 11:48:48'),
(511, '53.09.15', 'Bajawa Utara', 51, NULL, NULL, 1, '2025-11-05 11:48:48', '2025-11-05 11:48:48'),
(512, '53.09.16', 'Wolomeze (Riung Selatan)', 51, NULL, NULL, 1, '2025-11-05 11:48:48', '2025-11-05 11:48:48'),
(513, '53.09.18', 'Golewa Selatan', 51, NULL, NULL, 1, '2025-11-05 11:48:48', '2025-11-05 11:48:48'),
(514, '53.09.19', 'Golewa Barat', 51, NULL, NULL, 1, '2025-11-05 11:48:48', '2025-11-05 11:48:48'),
(515, '53.09.20', 'Inerie', 51, NULL, NULL, 1, '2025-11-05 11:48:48', '2025-11-05 11:48:48'),
(516, '53.10.01', 'Wae Rii', 52, NULL, NULL, 1, '2025-11-05 11:48:48', '2025-11-05 11:48:48'),
(517, '53.10.03', 'Ruteng', 52, NULL, NULL, 1, '2025-11-05 11:48:48', '2025-11-05 11:48:48'),
(518, '53.10.05', 'Satar Mese', 52, NULL, NULL, 1, '2025-11-05 11:48:48', '2025-11-05 11:48:48'),
(519, '53.10.06', 'Cibal', 52, NULL, NULL, 1, '2025-11-05 11:48:48', '2025-11-05 11:48:48'),
(520, '53.10.11', 'Reok', 52, NULL, NULL, 1, '2025-11-05 11:48:48', '2025-11-05 11:48:48'),
(521, '53.10.12', 'Langke Rembong', 52, NULL, NULL, 1, '2025-11-05 11:48:48', '2025-11-05 11:48:48'),
(522, '53.10.13', 'Satar Mese Barat', 52, NULL, NULL, 1, '2025-11-05 11:48:48', '2025-11-05 11:48:48'),
(523, '53.10.14', 'Rahong Utara', 52, NULL, NULL, 1, '2025-11-05 11:48:48', '2025-11-05 11:48:48'),
(524, '53.10.15', 'Lelak', 52, NULL, NULL, 1, '2025-11-05 11:48:48', '2025-11-05 11:48:48'),
(525, '53.10.16', 'Reok Barat', 52, NULL, NULL, 1, '2025-11-05 11:48:48', '2025-11-05 11:48:48'),
(526, '53.10.17', 'Cibal Barat', 52, NULL, NULL, 1, '2025-11-05 11:48:48', '2025-11-05 11:48:48'),
(527, '53.10.18', 'Satar Mese Utara', 52, NULL, NULL, 1, '2025-11-05 11:48:48', '2025-11-05 11:48:48'),
(528, '53.11.01', 'Kota Waingapu', 53, NULL, NULL, 1, '2025-11-05 11:48:48', '2025-11-05 11:48:48'),
(529, '53.11.02', 'Haharu', 53, NULL, NULL, 1, '2025-11-05 11:48:48', '2025-11-05 11:48:48'),
(530, '53.11.03', 'Lewa', 53, NULL, NULL, 1, '2025-11-05 11:48:48', '2025-11-05 11:48:48'),
(531, '53.11.04', 'Nggaha Ori Angu (Nggaha Oriangu)', 53, NULL, NULL, 1, '2025-11-05 11:48:48', '2025-11-05 11:48:48'),
(532, '53.11.05', 'Tabundung', 53, NULL, NULL, 1, '2025-11-05 11:48:48', '2025-11-05 11:48:48'),
(533, '53.11.06', 'Pinu Pahar (Pinupahar / Pirapahar)', 53, NULL, NULL, 1, '2025-11-05 11:48:48', '2025-11-05 11:48:48'),
(534, '53.11.07', 'Pandawai', 53, NULL, NULL, 1, '2025-11-05 11:48:48', '2025-11-05 11:48:48'),
(535, '53.11.08', 'Umalulu', 53, NULL, NULL, 1, '2025-11-05 11:48:48', '2025-11-05 11:48:48'),
(536, '53.11.09', 'Rindi', 53, NULL, NULL, 1, '2025-11-05 11:48:48', '2025-11-05 11:48:48'),
(537, '53.11.10', 'Pahunga Lodu', 53, NULL, NULL, 1, '2025-11-05 11:48:48', '2025-11-05 11:48:48'),
(538, '53.11.11', 'Wulla Waijelu (Wula Waijelu)', 53, NULL, NULL, 1, '2025-11-05 11:48:48', '2025-11-05 11:48:48'),
(539, '53.11.12', 'Paberiwai', 53, NULL, NULL, 1, '2025-11-05 11:48:48', '2025-11-05 11:48:48'),
(540, '53.11.13', 'Karera', 53, NULL, NULL, 1, '2025-11-05 11:48:48', '2025-11-05 11:48:48'),
(541, '53.11.14', 'Kahaungu Eti (Kahaunguweti)', 53, NULL, NULL, 1, '2025-11-05 11:48:48', '2025-11-05 11:48:48'),
(542, '53.11.15', 'Matawai La Pawu (Lappau)', 53, NULL, NULL, 1, '2025-11-05 11:48:48', '2025-11-05 11:48:48'),
(543, '53.11.16', 'Kambera', 53, NULL, NULL, 1, '2025-11-05 11:48:48', '2025-11-05 11:48:48'),
(544, '53.11.17', 'Kambata Mapambuhang', 53, NULL, NULL, 1, '2025-11-05 11:48:48', '2025-11-05 11:48:48'),
(545, '53.11.18', 'Lewa Tidahu', 53, NULL, NULL, 1, '2025-11-05 11:48:48', '2025-11-05 11:48:48'),
(546, '53.11.19', 'Katala Hamu Lingu', 53, NULL, NULL, 1, '2025-11-05 11:48:48', '2025-11-05 11:48:48'),
(547, '53.11.20', 'Kanatang', 53, NULL, NULL, 1, '2025-11-05 11:48:48', '2025-11-05 11:48:48'),
(548, '53.11.21', 'Ngadu Ngala', 53, NULL, NULL, 1, '2025-11-05 11:48:48', '2025-11-05 11:48:48'),
(549, '53.11.22', 'Mahu', 53, NULL, NULL, 1, '2025-11-05 11:48:48', '2025-11-05 11:48:48'),
(550, '53.12.04', 'Tana Righu', 54, NULL, NULL, 1, '2025-11-05 11:48:48', '2025-11-05 11:48:48'),
(551, '53.12.10', 'Loli', 54, NULL, NULL, 1, '2025-11-05 11:48:48', '2025-11-05 11:48:48'),
(552, '53.12.11', 'Wanokaka', 54, NULL, NULL, 1, '2025-11-05 11:48:48', '2025-11-05 11:48:48'),
(553, '53.12.12', 'Lamboya', 54, NULL, NULL, 1, '2025-11-05 11:48:48', '2025-11-05 11:48:48'),
(554, '53.12.15', 'Kota Waikabubak', 54, NULL, NULL, 1, '2025-11-05 11:48:48', '2025-11-05 11:48:48'),
(555, '53.12.18', 'Laboya Barat (Lamboya Barat)', 54, NULL, NULL, 1, '2025-11-05 11:48:48', '2025-11-05 11:48:48'),
(556, '53.13.01', 'Naga Wutung', 55, NULL, NULL, 1, '2025-11-05 11:48:48', '2025-11-05 11:48:48'),
(557, '53.13.02', 'Atadei', 55, NULL, NULL, 1, '2025-11-05 11:48:48', '2025-11-05 11:48:48'),
(558, '53.13.03', 'Ile Ape', 55, NULL, NULL, 1, '2025-11-05 11:48:48', '2025-11-05 11:48:48'),
(559, '53.13.04', 'Lebatukan', 55, NULL, NULL, 1, '2025-11-05 11:48:48', '2025-11-05 11:48:48'),
(560, '53.13.05', 'Nubatukan', 55, NULL, NULL, 1, '2025-11-05 11:48:48', '2025-11-05 11:48:48'),
(561, '53.13.06', 'Omesuri', 55, NULL, NULL, 1, '2025-11-05 11:48:48', '2025-11-05 11:48:48'),
(562, '53.13.07', 'Buyasuri', 55, NULL, NULL, 1, '2025-11-05 11:48:48', '2025-11-05 11:48:48'),
(563, '53.13.08', 'Wulandoni', 55, NULL, NULL, 1, '2025-11-05 11:48:48', '2025-11-05 11:48:48'),
(564, '53.13.09', 'Ile Ape Timur', 55, NULL, NULL, 1, '2025-11-05 11:48:48', '2025-11-05 11:48:48'),
(565, '53.14.01', 'Rote Barat Daya', 56, NULL, NULL, 1, '2025-11-05 11:48:48', '2025-11-05 11:48:48'),
(566, '53.14.02', 'Rote Barat Laut', 56, NULL, NULL, 1, '2025-11-05 11:48:48', '2025-11-05 11:48:48'),
(567, '53.14.03', 'Lobalain', 56, NULL, NULL, 1, '2025-11-05 11:48:48', '2025-11-05 11:48:48'),
(568, '53.14.04', 'Rote Tengah', 56, NULL, NULL, 1, '2025-11-05 11:48:48', '2025-11-05 11:48:48'),
(569, '53.14.05', 'Pantai Baru', 56, NULL, NULL, 1, '2025-11-05 11:48:48', '2025-11-05 11:48:48'),
(570, '53.14.06', 'Rote Timur', 56, NULL, NULL, 1, '2025-11-05 11:48:48', '2025-11-05 11:48:48'),
(571, '53.14.07', 'Rote Barat', 56, NULL, NULL, 1, '2025-11-05 11:48:48', '2025-11-05 11:48:48'),
(572, '53.14.08', 'Rote Selatan', 56, NULL, NULL, 1, '2025-11-05 11:48:48', '2025-11-05 11:48:48'),
(573, '53.14.09', 'Ndao Nuse', 56, NULL, NULL, 1, '2025-11-05 11:48:48', '2025-11-05 11:48:48'),
(574, '53.14.10', 'Landu Leko', 56, NULL, NULL, 1, '2025-11-05 11:48:48', '2025-11-05 11:48:48'),
(575, '53.14.11', 'Loaholu', 56, NULL, NULL, 1, '2025-11-05 11:48:48', '2025-11-05 11:48:48'),
(576, '53.15.01', 'Macang Pacar', 57, NULL, NULL, 1, '2025-11-05 11:48:48', '2025-11-05 11:48:48'),
(577, '53.15.02', 'Kuwus', 57, NULL, NULL, 1, '2025-11-05 11:48:48', '2025-11-05 11:48:48'),
(578, '53.15.03', 'Lembor', 57, NULL, NULL, 1, '2025-11-05 11:48:48', '2025-11-05 11:48:48'),
(579, '53.15.04', 'Sano Nggoang', 57, NULL, NULL, 1, '2025-11-05 11:48:48', '2025-11-05 11:48:48'),
(580, '53.15.05', 'Komodo', 57, NULL, NULL, 1, '2025-11-05 11:48:48', '2025-11-05 11:48:48'),
(581, '53.15.06', 'Boleng', 57, NULL, NULL, 1, '2025-11-05 11:48:48', '2025-11-05 11:48:48'),
(582, '53.15.07', 'Welak', 57, NULL, NULL, 1, '2025-11-05 11:48:48', '2025-11-05 11:48:48'),
(583, '53.15.08', 'Ndoso', 57, NULL, NULL, 1, '2025-11-05 11:48:48', '2025-11-05 11:48:48'),
(584, '53.15.09', 'Lembor Selatan', 57, NULL, NULL, 1, '2025-11-05 11:48:48', '2025-11-05 11:48:48'),
(585, '53.15.10', 'Mbeliling', 57, NULL, NULL, 1, '2025-11-05 11:48:48', '2025-11-05 11:48:48'),
(586, '53.15.11', 'Pacar', 57, NULL, NULL, 1, '2025-11-05 11:48:48', '2025-11-05 11:48:48'),
(587, '53.15.12', 'Kuwus Barat', 57, NULL, NULL, 1, '2025-11-05 11:48:48', '2025-11-05 11:48:48'),
(588, '53.16.01', 'Aesesa', 58, NULL, NULL, 1, '2025-11-05 11:48:48', '2025-11-05 11:48:48'),
(589, '53.16.02', 'Nangaroro', 58, NULL, NULL, 1, '2025-11-05 11:48:48', '2025-11-05 11:48:48'),
(590, '53.16.03', 'Boawae', 58, NULL, NULL, 1, '2025-11-05 11:48:48', '2025-11-05 11:48:48'),
(591, '53.16.04', 'Mauponggo', 58, NULL, NULL, 1, '2025-11-05 11:48:48', '2025-11-05 11:48:48'),
(592, '53.16.05', 'Wolowae', 58, NULL, NULL, 1, '2025-11-05 11:48:48', '2025-11-05 11:48:48'),
(593, '53.16.06', 'Keo Tengah', 58, NULL, NULL, 1, '2025-11-05 11:48:48', '2025-11-05 11:48:48'),
(594, '53.16.07', 'Aesesa Selatan', 58, NULL, NULL, 1, '2025-11-05 11:48:48', '2025-11-05 11:48:48'),
(595, '53.17.01', 'Katiku Tana', 59, NULL, NULL, 1, '2025-11-05 11:48:48', '2025-11-05 11:48:48'),
(596, '53.17.02', 'Umbu Ratu Nggay Barat', 59, NULL, NULL, 1, '2025-11-05 11:48:48', '2025-11-05 11:48:48'),
(597, '53.17.03', 'Mamboro', 59, NULL, NULL, 1, '2025-11-05 11:48:48', '2025-11-05 11:48:48'),
(598, '53.17.04', 'Umbu Ratu Nggay', 59, NULL, NULL, 1, '2025-11-05 11:48:48', '2025-11-05 11:48:48'),
(599, '53.17.05', 'Katiku Tana Selatan (Katikutana Selatan)', 59, NULL, NULL, 1, '2025-11-05 11:48:48', '2025-11-05 11:48:48'),
(600, '53.17.06', 'Umbu Ratu Nggay Tengah', 59, NULL, NULL, 1, '2025-11-05 11:48:48', '2025-11-05 11:48:48'),
(601, '53.18.01', 'Loura', 60, NULL, NULL, 1, '2025-11-05 11:48:48', '2025-11-05 11:48:48'),
(602, '53.18.02', 'Wewewa Utara', 60, NULL, NULL, 1, '2025-11-05 11:48:48', '2025-11-05 11:48:48'),
(603, '53.18.03', 'Wewewa Timur', 60, NULL, NULL, 1, '2025-11-05 11:48:48', '2025-11-05 11:48:48'),
(604, '53.18.04', 'Wewewa Barat', 60, NULL, NULL, 1, '2025-11-05 11:48:48', '2025-11-05 11:48:48'),
(605, '53.18.05', 'Wewewa Selatan', 60, NULL, NULL, 1, '2025-11-05 11:48:48', '2025-11-05 11:48:48'),
(606, '53.18.06', 'Kodi Bangedo', 60, NULL, NULL, 1, '2025-11-05 11:48:48', '2025-11-05 11:48:48'),
(607, '53.18.07', 'Kodi', 60, NULL, NULL, 1, '2025-11-05 11:48:48', '2025-11-05 11:48:48'),
(608, '53.18.08', 'Kodi Utara', 60, NULL, NULL, 1, '2025-11-05 11:48:48', '2025-11-05 11:48:48'),
(609, '53.18.09', 'Kota Tambolaka', 60, NULL, NULL, 1, '2025-11-05 11:48:48', '2025-11-05 11:48:48'),
(610, '53.18.10', 'Wewewa Tengah', 60, NULL, NULL, 1, '2025-11-05 11:48:48', '2025-11-05 11:48:48'),
(611, '53.18.11', 'Kodi Balaghar', 60, NULL, NULL, 1, '2025-11-05 11:48:48', '2025-11-05 11:48:48'),
(612, '53.19.01', 'Borong', 61, NULL, NULL, 1, '2025-11-05 11:48:48', '2025-11-05 11:48:48'),
(613, '53.19.02', 'Lamba Leda Selatan (Poco Ranaka)', 61, NULL, NULL, 1, '2025-11-05 11:48:48', '2025-11-05 11:48:48'),
(614, '53.19.03', 'Lamba Leda', 61, NULL, NULL, 1, '2025-11-05 11:48:48', '2025-11-05 11:48:48'),
(615, '53.19.04', 'Sambi Rampas', 61, NULL, NULL, 1, '2025-11-05 11:48:48', '2025-11-05 11:48:48'),
(616, '53.19.05', 'Elar', 61, NULL, NULL, 1, '2025-11-05 11:48:48', '2025-11-05 11:48:48'),
(617, '53.19.06', 'Kota Komba', 61, NULL, NULL, 1, '2025-11-05 11:48:48', '2025-11-05 11:48:48'),
(618, '53.19.07', 'Rana Mese', 61, NULL, NULL, 1, '2025-11-05 11:48:48', '2025-11-05 11:48:48'),
(619, '53.19.08', 'Lamba Leda Timur (Poco Ranaka Timur)', 61, NULL, NULL, 1, '2025-11-05 11:48:48', '2025-11-05 11:48:48'),
(620, '53.19.09', 'Elar Selatan', 61, NULL, NULL, 1, '2025-11-05 11:48:48', '2025-11-05 11:48:48'),
(621, '53.19.10', 'Kota Komba Utara', 61, NULL, NULL, 1, '2025-11-05 11:48:48', '2025-11-05 11:48:48'),
(622, '53.19.11', 'Lamba Leda Utara', 61, NULL, NULL, 1, '2025-11-05 11:48:48', '2025-11-05 11:48:48'),
(623, '53.19.12', 'Congkar', 61, NULL, NULL, 1, '2025-11-05 11:48:48', '2025-11-05 11:48:48'),
(624, '53.20.01', 'Sabu Barat', 62, NULL, NULL, 1, '2025-11-05 11:48:48', '2025-11-05 11:48:48'),
(625, '53.20.02', 'Sabu Tengah', 62, NULL, NULL, 1, '2025-11-05 11:48:48', '2025-11-05 11:48:48'),
(626, '53.20.03', 'Sabu Timur', 62, NULL, NULL, 1, '2025-11-05 11:48:48', '2025-11-05 11:48:48'),
(627, '53.20.04', 'Sabu Liae', 62, NULL, NULL, 1, '2025-11-05 11:48:48', '2025-11-05 11:48:48'),
(628, '53.20.05', 'Hawu Mehara', 62, NULL, NULL, 1, '2025-11-05 11:48:48', '2025-11-05 11:48:48'),
(629, '53.20.06', 'Raijua', 62, NULL, NULL, 1, '2025-11-05 11:48:48', '2025-11-05 11:48:48'),
(630, '53.21.01', 'Malaka Tengah', 63, NULL, NULL, 1, '2025-11-05 11:48:48', '2025-11-05 11:48:48'),
(631, '53.21.02', 'Malaka Barat', 63, NULL, NULL, 1, '2025-11-05 11:48:48', '2025-11-05 11:48:48'),
(632, '53.21.03', 'Wewiku', 63, NULL, NULL, 1, '2025-11-05 11:48:48', '2025-11-05 11:48:48'),
(633, '53.21.04', 'Weliman', 63, NULL, NULL, 1, '2025-11-05 11:48:48', '2025-11-05 11:48:48'),
(634, '53.21.05', 'Rinhat', 63, NULL, NULL, 1, '2025-11-05 11:48:48', '2025-11-05 11:48:48'),
(635, '53.21.06', 'Io Kufeu', 63, NULL, NULL, 1, '2025-11-05 11:48:48', '2025-11-05 11:48:48'),
(636, '53.21.07', 'Sasitamean', 63, NULL, NULL, 1, '2025-11-05 11:48:48', '2025-11-05 11:48:48'),
(637, '53.21.08', 'Laenmanen', 63, NULL, NULL, 1, '2025-11-05 11:48:48', '2025-11-05 11:48:48'),
(638, '53.21.09', 'Malaka Timur', 63, NULL, NULL, 1, '2025-11-05 11:48:48', '2025-11-05 11:48:48'),
(639, '53.21.10', 'Kobalima Timur', 63, NULL, NULL, 1, '2025-11-05 11:48:48', '2025-11-05 11:48:48'),
(640, '53.21.11', 'Kobalima', 63, NULL, NULL, 1, '2025-11-05 11:48:48', '2025-11-05 11:48:48'),
(641, '53.21.12', 'Botin Leobele', 63, NULL, NULL, 1, '2025-11-05 11:48:48', '2025-11-05 11:48:48'),
(642, '53.71.01', 'Alak', 64, NULL, NULL, 1, '2025-11-05 11:48:48', '2025-11-05 11:48:48'),
(643, '53.71.02', 'Maulafa', 64, NULL, NULL, 1, '2025-11-05 11:48:48', '2025-11-05 11:48:48'),
(644, '53.71.03', 'Kelapa Lima', 64, NULL, NULL, 1, '2025-11-05 11:48:48', '2025-11-05 11:48:48'),
(645, '53.71.04', 'Oebobo', 64, NULL, NULL, 1, '2025-11-05 11:48:48', '2025-11-05 11:48:48');
INSERT INTO `kecamatans` (`id`, `kode`, `nama`, `kabupaten_id`, `latitude`, `longitude`, `aktif`, `created_at`, `updated_at`) VALUES
(646, '53.71.05', 'Kota Raja', 64, NULL, NULL, 1, '2025-11-05 11:48:48', '2025-11-05 11:48:48'),
(647, '53.71.06', 'Kota Lama', 64, NULL, NULL, 1, '2025-11-05 11:48:48', '2025-11-05 11:48:48'),
(648, '51.01.01', 'Negara', 65, NULL, NULL, 1, '2025-11-05 11:56:01', '2025-11-05 11:56:01'),
(649, '51.01.02', 'Mendoyo', 65, NULL, NULL, 1, '2025-11-05 11:56:01', '2025-11-05 11:56:01'),
(650, '51.01.03', 'Pekutatan', 65, NULL, NULL, 1, '2025-11-05 11:56:01', '2025-11-05 11:56:01'),
(651, '51.01.04', 'Melaya', 65, NULL, NULL, 1, '2025-11-05 11:56:01', '2025-11-05 11:56:01'),
(652, '51.01.05', 'Jembrana', 65, NULL, NULL, 1, '2025-11-05 11:56:01', '2025-11-05 11:56:01'),
(653, '51.02.01', 'Selemadeg', 66, NULL, NULL, 1, '2025-11-05 11:56:01', '2025-11-05 11:56:01'),
(654, '51.02.02', 'Selemadeg Timur (Salamadeg Timur, Salemadeg Timur)', 66, NULL, NULL, 1, '2025-11-05 11:56:01', '2025-11-05 11:56:01'),
(655, '51.02.03', 'Selemadeg Barat (Salemadeg Barat)', 66, NULL, NULL, 1, '2025-11-05 11:56:01', '2025-11-05 11:56:01'),
(656, '51.02.04', 'Kerambitan', 66, NULL, NULL, 1, '2025-11-05 11:56:01', '2025-11-05 11:56:01'),
(657, '51.02.05', 'Tabanan', 66, NULL, NULL, 1, '2025-11-05 11:56:01', '2025-11-05 11:56:01'),
(658, '51.02.06', 'Kediri', 66, NULL, NULL, 1, '2025-11-05 11:56:01', '2025-11-05 11:56:01'),
(659, '51.02.07', 'Marga', 66, NULL, NULL, 1, '2025-11-05 11:56:01', '2025-11-05 11:56:01'),
(660, '51.02.08', 'Penebel', 66, NULL, NULL, 1, '2025-11-05 11:56:01', '2025-11-05 11:56:01'),
(661, '51.02.09', 'Baturiti', 66, NULL, NULL, 1, '2025-11-05 11:56:01', '2025-11-05 11:56:01'),
(662, '51.02.10', 'Pupuan', 66, NULL, NULL, 1, '2025-11-05 11:56:01', '2025-11-05 11:56:01'),
(663, '51.03.01', 'Kuta', 67, NULL, NULL, 1, '2025-11-05 11:56:01', '2025-11-05 11:56:01'),
(664, '51.03.02', 'Mengwi', 67, NULL, NULL, 1, '2025-11-05 11:56:01', '2025-11-05 11:56:01'),
(665, '51.03.03', 'Abiansemal', 67, NULL, NULL, 1, '2025-11-05 11:56:01', '2025-11-05 11:56:01'),
(666, '51.03.04', 'Petang', 67, NULL, NULL, 1, '2025-11-05 11:56:01', '2025-11-05 11:56:01'),
(667, '51.03.05', 'Kuta Selatan', 67, NULL, NULL, 1, '2025-11-05 11:56:01', '2025-11-05 11:56:01'),
(668, '51.03.06', 'Kuta Utara', 67, NULL, NULL, 1, '2025-11-05 11:56:01', '2025-11-05 11:56:01'),
(669, '51.04.01', 'Sukawati', 68, NULL, NULL, 1, '2025-11-05 11:56:01', '2025-11-05 11:56:01'),
(670, '51.04.02', 'Blahbatuh (Belah Batuh)', 68, NULL, NULL, 1, '2025-11-05 11:56:01', '2025-11-05 11:56:01'),
(671, '51.04.03', 'Gianyar', 68, NULL, NULL, 1, '2025-11-05 11:56:01', '2025-11-05 11:56:01'),
(672, '51.04.04', 'Tampaksiring (Tampak Siring)', 68, NULL, NULL, 1, '2025-11-05 11:56:01', '2025-11-05 11:56:01'),
(673, '51.04.05', 'Ubud', 68, NULL, NULL, 1, '2025-11-05 11:56:01', '2025-11-05 11:56:01'),
(674, '51.04.06', 'Tegallalang', 68, NULL, NULL, 1, '2025-11-05 11:56:01', '2025-11-05 11:56:01'),
(675, '51.04.07', 'Payangan', 68, NULL, NULL, 1, '2025-11-05 11:56:01', '2025-11-05 11:56:01'),
(676, '51.05.01', 'Nusa Penida (Nusapenida)', 69, NULL, NULL, 1, '2025-11-05 11:56:01', '2025-11-05 11:56:01'),
(677, '51.05.02', 'Banjarangkan', 69, NULL, NULL, 1, '2025-11-05 11:56:01', '2025-11-05 11:56:01'),
(678, '51.05.03', 'Klungkung', 69, NULL, NULL, 1, '2025-11-05 11:56:01', '2025-11-05 11:56:01'),
(679, '51.05.04', 'Dawan', 69, NULL, NULL, 1, '2025-11-05 11:56:01', '2025-11-05 11:56:01'),
(680, '51.06.01', 'Susut', 70, NULL, NULL, 1, '2025-11-05 11:56:01', '2025-11-05 11:56:01'),
(681, '51.06.02', 'Bangli', 70, NULL, NULL, 1, '2025-11-05 11:56:01', '2025-11-05 11:56:01'),
(682, '51.06.03', 'Tembuku', 70, NULL, NULL, 1, '2025-11-05 11:56:01', '2025-11-05 11:56:01'),
(683, '51.06.04', 'Kintamani', 70, NULL, NULL, 1, '2025-11-05 11:56:01', '2025-11-05 11:56:01'),
(684, '51.07.01', 'Rendang', 71, NULL, NULL, 1, '2025-11-05 11:56:01', '2025-11-05 11:56:01'),
(685, '51.07.02', 'Sidemen', 71, NULL, NULL, 1, '2025-11-05 11:56:01', '2025-11-05 11:56:01'),
(686, '51.07.03', 'Manggis', 71, NULL, NULL, 1, '2025-11-05 11:56:01', '2025-11-05 11:56:01'),
(687, '51.07.04', 'Karangasem (Karang Asem)', 71, NULL, NULL, 1, '2025-11-05 11:56:01', '2025-11-05 11:56:01'),
(688, '51.07.05', 'Abang', 71, NULL, NULL, 1, '2025-11-05 11:56:01', '2025-11-05 11:56:01'),
(689, '51.07.06', 'Bebandem', 71, NULL, NULL, 1, '2025-11-05 11:56:01', '2025-11-05 11:56:01'),
(690, '51.07.07', 'Selat', 71, NULL, NULL, 1, '2025-11-05 11:56:01', '2025-11-05 11:56:01'),
(691, '51.07.08', 'Kubu', 71, NULL, NULL, 1, '2025-11-05 11:56:01', '2025-11-05 11:56:01'),
(692, '51.08.01', 'Gerokgak', 72, NULL, NULL, 1, '2025-11-05 11:56:01', '2025-11-05 11:56:01'),
(693, '51.08.02', 'Seririt', 72, NULL, NULL, 1, '2025-11-05 11:56:01', '2025-11-05 11:56:01'),
(694, '51.08.03', 'Busungbiu (Busung biu)', 72, NULL, NULL, 1, '2025-11-05 11:56:01', '2025-11-05 11:56:01'),
(695, '51.08.04', 'Banjar', 72, NULL, NULL, 1, '2025-11-05 11:56:01', '2025-11-05 11:56:01'),
(696, '51.08.05', 'Sukasada', 72, NULL, NULL, 1, '2025-11-05 11:56:01', '2025-11-05 11:56:01'),
(697, '51.08.06', 'Buleleng', 72, NULL, NULL, 1, '2025-11-05 11:56:01', '2025-11-05 11:56:01'),
(698, '51.08.07', 'Sawan', 72, NULL, NULL, 1, '2025-11-05 11:56:01', '2025-11-05 11:56:01'),
(699, '51.08.08', 'Kubutambahan', 72, NULL, NULL, 1, '2025-11-05 11:56:01', '2025-11-05 11:56:01'),
(700, '51.08.09', 'Tejakula', 72, NULL, NULL, 1, '2025-11-05 11:56:01', '2025-11-05 11:56:01'),
(701, '51.71.01', 'Denpasar Selatan', 73, NULL, NULL, 1, '2025-11-05 11:56:01', '2025-11-05 11:56:01'),
(702, '51.71.02', 'Denpasar Timur', 73, NULL, NULL, 1, '2025-11-05 11:56:01', '2025-11-05 11:56:01'),
(703, '51.71.03', 'Denpasar Barat', 73, NULL, NULL, 1, '2025-11-05 11:56:01', '2025-11-05 11:56:01'),
(704, '51.71.04', 'Denpasar Utara', 73, NULL, NULL, 1, '2025-11-05 11:56:01', '2025-11-05 11:56:01');

-- --------------------------------------------------------

--
-- Struktur dari tabel `komoditas`
--

CREATE TABLE `komoditas` (
  `id` bigint(20) UNSIGNED NOT NULL,
  `sektor_id` bigint(20) UNSIGNED NOT NULL,
  `nama` varchar(255) NOT NULL,
  `satuan` varchar(50) NOT NULL,
  `deskripsi` text DEFAULT NULL,
  `status_unggulan` tinyint(1) NOT NULL DEFAULT 0,
  `ikon` varchar(255) DEFAULT NULL,
  `warna_chart` varchar(20) DEFAULT NULL,
  `aktif` tinyint(1) NOT NULL DEFAULT 1,
  `created_at` timestamp NULL DEFAULT NULL,
  `updated_at` timestamp NULL DEFAULT NULL
) ENGINE=InnoDB DEFAULT CHARSET=utf8mb4 COLLATE=utf8mb4_unicode_ci;

--
-- Dumping data untuk tabel `komoditas`
--

INSERT INTO `komoditas` (`id`, `sektor_id`, `nama`, `satuan`, `deskripsi`, `status_unggulan`, `ikon`, `warna_chart`, `aktif`, `created_at`, `updated_at`) VALUES
(1, 1, 'Padi', 'Ton', NULL, 1, NULL, '#4CAF50', 1, '2025-10-24 09:29:05', '2025-10-24 09:29:05'),
(28, 2, 'Adenium', 'Ton', NULL, 0, NULL, NULL, 1, '2025-11-06 19:03:13', '2025-11-06 19:03:13'),
(29, 2, 'Aglaoenema', 'Ton', NULL, 0, NULL, NULL, 1, '2025-11-06 19:03:13', '2025-11-06 19:03:13'),
(30, 2, 'Alpukat', 'Ton', NULL, 0, NULL, NULL, 1, '2025-11-06 19:03:13', '2025-11-06 19:03:13'),
(31, 2, 'Anggrek', 'Ton', NULL, 0, NULL, NULL, 1, '2025-11-06 19:03:13', '2025-11-06 19:03:13'),
(32, 2, 'Anggrek Pot', 'Ton', NULL, 0, NULL, NULL, 1, '2025-11-06 19:03:13', '2025-11-06 19:03:13'),
(33, 2, 'Anggrek Potong', 'Ton', NULL, 0, NULL, NULL, 1, '2025-11-06 19:03:13', '2025-11-06 19:03:13'),
(34, 2, 'Anggur', 'Ton', NULL, 0, NULL, NULL, 1, '2025-11-06 19:03:13', '2025-11-06 19:03:13'),
(35, 2, 'Anthorium Bunga', 'Ton', NULL, 0, NULL, NULL, 1, '2025-11-06 19:03:13', '2025-11-06 19:03:13'),
(36, 2, 'Anthorium Daun', 'Ton', NULL, 0, NULL, NULL, 1, '2025-11-06 19:03:13', '2025-11-06 19:03:13'),
(37, 2, 'Anyelir', 'Ton', NULL, 0, NULL, NULL, 1, '2025-11-06 19:03:13', '2025-11-06 19:03:13'),
(38, 2, 'Apel', 'Ton', NULL, 0, NULL, NULL, 1, '2025-11-06 19:03:13', '2025-11-06 19:03:13'),
(39, 2, 'Bawang Daun', 'Ton', NULL, 0, NULL, NULL, 1, '2025-11-06 19:03:13', '2025-11-06 19:03:13'),
(40, 2, 'Bawang Merah', 'Ton', NULL, 0, NULL, NULL, 1, '2025-11-06 19:03:13', '2025-11-06 19:03:13'),
(41, 2, 'Bawang Putih', 'Ton', NULL, 0, NULL, NULL, 1, '2025-11-06 19:03:13', '2025-11-06 19:03:13'),
(42, 2, 'Bayam', 'Ton', NULL, 0, NULL, NULL, 1, '2025-11-06 19:03:13', '2025-11-06 19:03:13'),
(43, 2, 'Belimbing', 'Ton', NULL, 0, NULL, NULL, 1, '2025-11-06 19:03:13', '2025-11-06 19:03:13'),
(44, 2, 'Blewah', 'Ton', NULL, 0, NULL, NULL, 1, '2025-11-06 19:03:13', '2025-11-06 19:03:13'),
(45, 2, 'Bromelia', 'Ton', NULL, 0, NULL, NULL, 1, '2025-11-06 19:03:13', '2025-11-06 19:03:13'),
(46, 2, 'Buah Naga', 'Ton', NULL, 0, NULL, NULL, 1, '2025-11-06 19:03:13', '2025-11-06 19:03:13'),
(47, 2, 'Bugenvil', 'Ton', NULL, 0, NULL, NULL, 1, '2025-11-06 19:03:13', '2025-11-06 19:03:13'),
(48, 2, 'Buncis', 'Ton', NULL, 0, NULL, NULL, 1, '2025-11-06 19:03:13', '2025-11-06 19:03:13'),
(49, 2, 'Cabai Besar', 'Ton', NULL, 0, NULL, NULL, 1, '2025-11-06 19:03:13', '2025-11-06 19:03:13'),
(50, 2, 'Cabai Keriting', 'Ton', NULL, 0, NULL, NULL, 1, '2025-11-06 19:03:13', '2025-11-06 19:03:13'),
(51, 2, 'Cabai Rawit', 'Ton', NULL, 0, NULL, NULL, 1, '2025-11-06 19:03:13', '2025-11-06 19:03:13'),
(52, 2, 'Cabai Teropong', 'Ton', NULL, 0, NULL, NULL, 1, '2025-11-06 19:03:13', '2025-11-06 19:03:13'),
(53, 2, 'Caladium', 'Ton', NULL, 0, NULL, NULL, 1, '2025-11-06 19:03:13', '2025-11-06 19:03:13'),
(54, 2, 'Cordylene', 'Ton', NULL, 0, NULL, NULL, 1, '2025-11-06 19:03:13', '2025-11-06 19:03:13'),
(55, 2, 'Dieffenbachia', 'Ton', NULL, 0, NULL, NULL, 1, '2025-11-06 19:03:13', '2025-11-06 19:03:13'),
(56, 2, 'Dracaena', 'Ton', NULL, 0, NULL, NULL, 1, '2025-11-06 19:03:13', '2025-11-06 19:03:13'),
(57, 2, 'Dringo', 'Ton', NULL, 0, NULL, NULL, 1, '2025-11-06 19:03:13', '2025-11-06 19:03:13'),
(58, 2, 'Duku / Langsat', 'Ton', NULL, 0, NULL, NULL, 1, '2025-11-06 19:03:13', '2025-11-06 19:03:13'),
(59, 2, 'Durian', 'Ton', NULL, 0, NULL, NULL, 1, '2025-11-06 19:03:13', '2025-11-06 19:03:13'),
(60, 2, 'Euphorbia', 'Ton', NULL, 0, NULL, NULL, 1, '2025-11-06 19:03:13', '2025-11-06 19:03:13'),
(61, 2, 'Gerbera/Herbras', 'Ton', NULL, 0, NULL, NULL, 1, '2025-11-06 19:03:13', '2025-11-06 19:03:13'),
(62, 2, 'Gladiol', 'Ton', NULL, 0, NULL, NULL, 1, '2025-11-06 19:03:13', '2025-11-06 19:03:13'),
(63, 2, 'Heliconia', 'Ton', NULL, 0, NULL, NULL, 1, '2025-11-06 19:03:13', '2025-11-06 19:03:13'),
(64, 2, 'Jahe', 'Ton', NULL, 0, NULL, NULL, 1, '2025-11-06 19:03:13', '2025-11-06 19:03:13'),
(65, 2, 'Jambu Air', 'Ton', NULL, 0, NULL, NULL, 1, '2025-11-06 19:03:13', '2025-11-06 19:03:13'),
(66, 2, 'Jambu Biji', 'Ton', NULL, 0, NULL, NULL, 1, '2025-11-06 19:03:13', '2025-11-06 19:03:13'),
(67, 2, 'Jamur', 'Ton', NULL, 0, NULL, NULL, 1, '2025-11-06 19:03:13', '2025-11-06 19:03:13'),
(68, 2, 'Jamur Lainnya', 'Ton', NULL, 0, NULL, NULL, 1, '2025-11-06 19:03:13', '2025-11-06 19:03:13'),
(69, 2, 'Jamur Merang', 'Ton', NULL, 0, NULL, NULL, 1, '2025-11-06 19:03:13', '2025-11-06 19:03:13'),
(70, 2, 'Jamur Tiram', 'Ton', NULL, 0, NULL, NULL, 1, '2025-11-06 19:03:13', '2025-11-06 19:03:13'),
(71, 2, 'Jengkol', 'Ton', NULL, 0, NULL, NULL, 1, '2025-11-06 19:03:13', '2025-11-06 19:03:13'),
(72, 2, 'Jeruk Besar', 'Ton', NULL, 0, NULL, NULL, 1, '2025-11-06 19:03:13', '2025-11-06 19:03:13'),
(73, 2, 'Jeruk Lemon', 'Ton', NULL, 0, NULL, NULL, 1, '2025-11-06 19:03:13', '2025-11-06 19:03:13'),
(74, 2, 'Jeruk Nipis', 'Ton', NULL, 0, NULL, NULL, 1, '2025-11-06 19:03:13', '2025-11-06 19:03:13'),
(75, 2, 'Jeruk Siam', 'Ton', NULL, 0, NULL, NULL, 1, '2025-11-06 19:03:13', '2025-11-06 19:03:13'),
(76, 2, 'Juruk Pamelo', 'Ton', NULL, 0, NULL, NULL, 1, '2025-11-06 19:03:13', '2025-11-06 19:03:13'),
(77, 2, 'Kacang Merah', 'Ton', NULL, 0, NULL, NULL, 1, '2025-11-06 19:03:13', '2025-11-06 19:03:13'),
(78, 2, 'Kacang Panjang', 'Ton', NULL, 0, NULL, NULL, 1, '2025-11-06 19:03:13', '2025-11-06 19:03:13'),
(79, 2, 'Kangkung', 'Ton', NULL, 0, NULL, NULL, 1, '2025-11-06 19:03:13', '2025-11-06 19:03:13'),
(80, 2, 'Kapulaga', 'Ton', NULL, 0, NULL, NULL, 1, '2025-11-06 19:03:13', '2025-11-06 19:03:13'),
(81, 2, 'Kejibeling', 'Ton', NULL, 0, NULL, NULL, 1, '2025-11-06 19:03:13', '2025-11-06 19:03:13'),
(82, 2, 'Kembang Kol', 'Ton', NULL, 0, NULL, NULL, 1, '2025-11-06 19:03:13', '2025-11-06 19:03:13'),
(83, 2, 'Kencur', 'Ton', NULL, 0, NULL, NULL, 1, '2025-11-06 19:03:13', '2025-11-06 19:03:13'),
(84, 2, 'Kentang', 'Ton', NULL, 0, NULL, NULL, 1, '2025-11-06 19:03:13', '2025-11-06 19:03:13'),
(85, 2, 'Ketimun', 'Ton', NULL, 0, NULL, NULL, 1, '2025-11-06 19:03:13', '2025-11-06 19:03:13'),
(86, 2, 'Kol/Kubis', 'Ton', NULL, 0, NULL, NULL, 1, '2025-11-06 19:03:13', '2025-11-06 19:03:13'),
(87, 2, 'Krisan', 'Ton', NULL, 0, NULL, NULL, 1, '2025-11-06 19:03:13', '2025-11-06 19:03:13'),
(88, 2, 'Kubis', 'Ton', NULL, 0, NULL, NULL, 1, '2025-11-06 19:03:13', '2025-11-06 19:03:13'),
(89, 2, 'Kunyit', 'Ton', NULL, 0, NULL, NULL, 1, '2025-11-06 19:03:13', '2025-11-06 19:03:13'),
(90, 2, 'Labu Siam', 'Ton', NULL, 0, NULL, NULL, 1, '2025-11-06 19:03:13', '2025-11-06 19:03:13'),
(91, 2, 'Lempayungan', 'Ton', NULL, 0, NULL, NULL, 1, '2025-11-06 19:03:13', '2025-11-06 19:03:13'),
(92, 2, 'Lengkeng', 'Ton', NULL, 0, NULL, NULL, 1, '2025-11-06 19:03:13', '2025-11-06 19:03:13'),
(93, 2, 'Lengkuas', 'Ton', NULL, 0, NULL, NULL, 1, '2025-11-06 19:03:13', '2025-11-06 19:03:13'),
(94, 2, 'Lidah Buaya', 'Ton', NULL, 0, NULL, NULL, 1, '2025-11-06 19:03:13', '2025-11-06 19:03:13'),
(95, 2, 'Lobak', 'Ton', NULL, 0, NULL, NULL, 1, '2025-11-06 19:03:13', '2025-11-06 19:03:13'),
(96, 2, 'Mahkota Dewa', 'Ton', NULL, 0, NULL, NULL, 1, '2025-11-06 19:03:13', '2025-11-06 19:03:13'),
(97, 2, 'Mangga', 'Ton', NULL, 0, NULL, NULL, 1, '2025-11-06 19:03:13', '2025-11-06 19:03:13'),
(98, 2, 'Manggis', 'Ton', NULL, 0, NULL, NULL, 1, '2025-11-06 19:03:13', '2025-11-06 19:03:13'),
(99, 2, 'Markisa', 'Ton', NULL, 0, NULL, NULL, 1, '2025-11-06 19:03:13', '2025-11-06 19:03:13'),
(100, 2, 'Mawar', 'Ton', NULL, 0, NULL, NULL, 1, '2025-11-06 19:03:13', '2025-11-06 19:03:13'),
(101, 2, 'Melati', 'Ton', NULL, 0, NULL, NULL, 1, '2025-11-06 19:03:13', '2025-11-06 19:03:13'),
(102, 2, 'Melinjo', 'Ton', NULL, 0, NULL, NULL, 1, '2025-11-06 19:03:13', '2025-11-06 19:03:13'),
(103, 2, 'Melon', 'Ton', NULL, 0, NULL, NULL, 1, '2025-11-06 19:03:13', '2025-11-06 19:03:13'),
(104, 2, 'Mengkudu/Pace', 'Ton', NULL, 0, NULL, NULL, 1, '2025-11-06 19:03:13', '2025-11-06 19:03:13'),
(105, 2, 'Monstera', 'Ton', NULL, 0, NULL, NULL, 1, '2025-11-06 19:03:13', '2025-11-06 19:03:13'),
(106, 2, 'Nanas', 'Ton', NULL, 0, NULL, NULL, 1, '2025-11-06 19:03:13', '2025-11-06 19:03:13'),
(107, 2, 'Nangka/Cempedak', 'Ton', NULL, 0, NULL, NULL, 1, '2025-11-06 19:03:13', '2025-11-06 19:03:13'),
(108, 2, 'Pakis', 'Ton', NULL, 0, NULL, NULL, 1, '2025-11-06 19:03:13', '2025-11-06 19:03:13'),
(109, 2, 'Palem', 'Ton', NULL, 0, NULL, NULL, 1, '2025-11-06 19:03:13', '2025-11-06 19:03:13'),
(110, 2, 'Paprika', 'Ton', NULL, 0, NULL, NULL, 1, '2025-11-06 19:03:13', '2025-11-06 19:03:13'),
(111, 2, 'Pepaya', 'Ton', NULL, 0, NULL, NULL, 1, '2025-11-06 19:03:13', '2025-11-06 19:03:13'),
(112, 2, 'Petai', 'Ton', NULL, 0, NULL, NULL, 1, '2025-11-06 19:03:13', '2025-11-06 19:03:13'),
(113, 2, 'Petsai/Sawi', 'Ton', NULL, 0, NULL, NULL, 1, '2025-11-06 19:03:13', '2025-11-06 19:03:13'),
(114, 2, 'Phylodendron', 'Ton', NULL, 0, NULL, NULL, 1, '2025-11-06 19:03:13', '2025-11-06 19:03:13'),
(115, 2, 'Pisang', 'Ton', NULL, 0, NULL, NULL, 1, '2025-11-06 19:03:13', '2025-11-06 19:03:13'),
(116, 2, 'Puring', 'Ton', NULL, 0, NULL, NULL, 1, '2025-11-06 19:03:13', '2025-11-06 19:03:13'),
(117, 2, 'Rambutan', 'Ton', NULL, 0, NULL, NULL, 1, '2025-11-06 19:03:13', '2025-11-06 19:03:13'),
(118, 2, 'Salak', 'Ton', NULL, 0, NULL, NULL, 1, '2025-11-06 19:03:13', '2025-11-06 19:03:13'),
(119, 2, 'Sambiloto', 'Ton', NULL, 0, NULL, NULL, 1, '2025-11-06 19:03:13', '2025-11-06 19:03:13'),
(120, 2, 'Sansevierria', 'Ton', NULL, 0, NULL, NULL, 1, '2025-11-06 19:03:13', '2025-11-06 19:03:13'),
(121, 2, 'Sawo', 'Ton', NULL, 0, NULL, NULL, 1, '2025-11-06 19:03:13', '2025-11-06 19:03:13'),
(122, 2, 'Sedap Malam', 'Ton', NULL, 0, NULL, NULL, 1, '2025-11-06 19:03:13', '2025-11-06 19:03:13'),
(123, 2, 'Semangka', 'Ton', NULL, 0, NULL, NULL, 1, '2025-11-06 19:03:13', '2025-11-06 19:03:13'),
(124, 2, 'Serai Hijau', 'Ton', NULL, 0, NULL, NULL, 1, '2025-11-06 19:03:13', '2025-11-06 19:03:13'),
(125, 2, 'Sirsak', 'Ton', NULL, 0, NULL, NULL, 1, '2025-11-06 19:03:13', '2025-11-06 19:03:13'),
(126, 2, 'Soka', 'Ton', NULL, 0, NULL, NULL, 1, '2025-11-06 19:03:13', '2025-11-06 19:03:13'),
(127, 2, 'Strawberry', 'Ton', NULL, 0, NULL, NULL, 1, '2025-11-06 19:03:13', '2025-11-06 19:03:13'),
(128, 2, 'Sukun', 'Ton', NULL, 0, NULL, NULL, 1, '2025-11-06 19:03:13', '2025-11-06 19:03:13'),
(129, 2, 'Temuireng', 'Ton', NULL, 0, NULL, NULL, 1, '2025-11-06 19:03:13', '2025-11-06 19:03:13'),
(130, 2, 'Temukunci', 'Ton', NULL, 0, NULL, NULL, 1, '2025-11-06 19:03:13', '2025-11-06 19:03:13'),
(131, 2, 'Temulawak', 'Ton', NULL, 0, NULL, NULL, 1, '2025-11-06 19:03:13', '2025-11-06 19:03:13'),
(132, 2, 'Terung', 'Ton', NULL, 0, NULL, NULL, 1, '2025-11-06 19:03:13', '2025-11-06 19:03:13'),
(133, 2, 'Tomat', 'Ton', NULL, 0, NULL, NULL, 1, '2025-11-06 19:03:13', '2025-11-06 19:03:13'),
(134, 2, 'Wortel', 'Ton', NULL, 0, NULL, NULL, 1, '2025-11-06 19:03:13', '2025-11-06 19:03:13'),
(135, 1, 'Gembili', 'Ton', NULL, 0, NULL, NULL, 1, '2025-11-06 19:11:20', '2025-11-06 19:11:20'),
(136, 1, 'Jagung', 'Ton', NULL, 0, NULL, NULL, 1, '2025-11-06 19:11:20', '2025-11-06 19:11:20'),
(137, 1, 'Kacang Hijau', 'Ton', NULL, 0, NULL, NULL, 1, '2025-11-06 19:11:20', '2025-11-06 19:11:20'),
(138, 1, 'Kacang Tanah', 'Ton', NULL, 0, NULL, NULL, 1, '2025-11-06 19:11:20', '2025-11-06 19:11:20'),
(139, 1, 'Kedelai', 'Ton', NULL, 0, NULL, NULL, 1, '2025-11-06 19:11:20', '2025-11-06 19:11:20'),
(140, 1, 'Talas', 'Ton', NULL, 0, NULL, NULL, 1, '2025-11-06 19:11:20', '2025-11-06 19:11:20'),
(141, 1, 'Ubi Jalar', 'Ton', NULL, 0, NULL, NULL, 1, '2025-11-06 19:11:20', '2025-11-06 19:11:20'),
(142, 1, 'Ubi Kayu', 'Ton', NULL, 0, NULL, NULL, 1, '2025-11-06 19:11:20', '2025-11-06 19:11:20'),
(143, 3, 'Aren', 'Ton', NULL, 0, NULL, NULL, 1, '2025-11-06 19:11:20', '2025-11-06 19:11:20'),
(144, 3, 'Cengkeh', 'Ton', NULL, 0, NULL, NULL, 1, '2025-11-06 19:11:20', '2025-11-06 19:11:20'),
(145, 3, 'Jambu Mete', 'Ton', NULL, 0, NULL, NULL, 1, '2025-11-06 19:11:20', '2025-11-06 19:11:20'),
(146, 3, 'Kakao', 'Ton', NULL, 0, NULL, NULL, 1, '2025-11-06 19:11:20', '2025-11-06 19:11:20'),
(147, 3, 'Kapuk', 'Ton', NULL, 0, NULL, NULL, 1, '2025-11-06 19:11:20', '2025-11-06 19:11:20'),
(148, 3, 'Karet', 'Ton', NULL, 0, NULL, NULL, 1, '2025-11-06 19:11:20', '2025-11-06 19:11:20'),
(149, 3, 'Kelapa', 'Ton', NULL, 0, NULL, NULL, 1, '2025-11-06 19:11:20', '2025-11-06 19:11:20'),
(150, 3, 'Kelapa Sawit', 'Ton', NULL, 0, NULL, NULL, 1, '2025-11-06 19:11:20', '2025-11-06 19:11:20'),
(151, 3, 'Kemiri', 'Ton', NULL, 0, NULL, NULL, 1, '2025-11-06 19:11:20', '2025-11-06 19:11:20'),
(152, 3, 'Kopi', 'Ton', NULL, 0, NULL, NULL, 1, '2025-11-06 19:11:20', '2025-11-06 19:11:20'),
(153, 3, 'Lada', 'Ton', NULL, 0, NULL, NULL, 1, '2025-11-06 19:11:20', '2025-11-06 19:11:20'),
(154, 3, 'Pala', 'Ton', NULL, 0, NULL, NULL, 1, '2025-11-06 19:11:20', '2025-11-06 19:11:20'),
(155, 3, 'Pinang', 'Ton', NULL, 0, NULL, NULL, 1, '2025-11-06 19:11:20', '2025-11-06 19:11:20'),
(156, 3, 'Sagu', 'Ton', NULL, 0, NULL, NULL, 1, '2025-11-06 19:11:20', '2025-11-06 19:11:20'),
(157, 3, 'Tea', 'Ton', NULL, 0, NULL, NULL, 1, '2025-11-06 19:11:20', '2025-11-06 19:11:20'),
(158, 3, 'Tebu', 'Ton', NULL, 0, NULL, NULL, 1, '2025-11-06 19:11:20', '2025-11-06 19:11:20'),
(159, 3, 'Tembakau', 'Ton', NULL, 0, NULL, NULL, 1, '2025-11-06 19:11:20', '2025-11-06 19:11:20'),
(160, 3, 'Vanilla', 'Ton', NULL, 0, NULL, NULL, 1, '2025-11-06 19:11:20', '2025-11-06 19:11:20');

-- --------------------------------------------------------

--
-- Struktur dari tabel `migrations`
--

CREATE TABLE `migrations` (
  `id` int(10) UNSIGNED NOT NULL,
  `migration` varchar(255) NOT NULL,
  `batch` int(11) NOT NULL
) ENGINE=InnoDB DEFAULT CHARSET=utf8mb4 COLLATE=utf8mb4_unicode_ci;

--
-- Dumping data untuk tabel `migrations`
--

INSERT INTO `migrations` (`id`, `migration`, `batch`) VALUES
(1, '0001_01_01_000001_create_cache_table', 1),
(2, '0001_01_01_000002_create_jobs_table', 1),
(3, '2024_01_01_create_wilayah_table', 1),
(4, '2024_01_02_create_sektor_table', 1),
(5, '2024_01_03_create_komoditas_table', 1),
(6, '2024_01_04_create_poktan_table', 1),
(7, '2024_01_05_create_users_table', 1),
(8, '2024_01_06_create_petani_table', 1),
(9, '2024_01_07_create_demplot_table', 1),
(10, '2024_01_08_create_produksi_table', 1),
(11, '2025_10_24_114238_create_sessions_table', 1),
(12, '2025_10_24_124741_create_personal_access_tokens_table', 1),
(13, '2025_10_24_125256_create_notifications_table', 1),
(14, '2025_10_24_142247_create_provinsis_table', 1),
(15, '2025_10_24_142248_create_kabupatens_table', 1),
(16, '2025_10_24_142248_create_kecamatans_table', 1),
(17, '2025_10_24_142251_create_desas_table', 1),
(18, '2025_10_24_160718_update_poktan_table', 1),
(19, '2025_10_24_160745_update_demplot_table', 1),
(20, '2025_10_24_160804_update_petani_table', 1),
(21, '2025_10_24_160849_update_users_table', 1),
(22, '2025_10_24_161209_fix_wilayah_foreign_keys', 1),
(23, '2025_10_26_085438_add_poktan_id_to_users_table', 2),
(24, '2025_10_26_104618_set_default_values_for_petani_table', 3),
(25, '2025_10_27_040241_add_komoditas_utama_to_poktan_table', 4),
(26, '2025_10_27_071555_add_alamat_to_demplot_table', 5),
(27, '2025_10_30_013801_create_bps_data_table', 6),
(28, '2025_10_30_034723_add_kecamatan_id_to_bps_data_table', 7);

-- --------------------------------------------------------

--
-- Struktur dari tabel `notifications`
--

CREATE TABLE `notifications` (
  `id` bigint(20) UNSIGNED NOT NULL,
  `user_id` bigint(20) UNSIGNED DEFAULT NULL,
  `title` varchar(255) NOT NULL,
  `message` text NOT NULL,
  `type` varchar(255) NOT NULL DEFAULT 'info',
  `data` longtext CHARACTER SET utf8mb4 COLLATE utf8mb4_bin DEFAULT NULL CHECK (json_valid(`data`)),
  `read_at` timestamp NULL DEFAULT NULL,
  `created_at` timestamp NULL DEFAULT NULL,
  `updated_at` timestamp NULL DEFAULT NULL
) ENGINE=InnoDB DEFAULT CHARSET=utf8mb4 COLLATE=utf8mb4_unicode_ci;

-- --------------------------------------------------------

--
-- Struktur dari tabel `personal_access_tokens`
--

CREATE TABLE `personal_access_tokens` (
  `id` bigint(20) UNSIGNED NOT NULL,
  `tokenable_type` varchar(255) NOT NULL,
  `tokenable_id` bigint(20) UNSIGNED NOT NULL,
  `name` text NOT NULL,
  `token` varchar(64) NOT NULL,
  `abilities` text DEFAULT NULL,
  `last_used_at` timestamp NULL DEFAULT NULL,
  `expires_at` timestamp NULL DEFAULT NULL,
  `created_at` timestamp NULL DEFAULT NULL,
  `updated_at` timestamp NULL DEFAULT NULL
) ENGINE=InnoDB DEFAULT CHARSET=utf8mb4 COLLATE=utf8mb4_unicode_ci;

-- --------------------------------------------------------

--
-- Struktur dari tabel `petani`
--

CREATE TABLE `petani` (
  `id` bigint(20) UNSIGNED NOT NULL,
  `poktan_id` bigint(20) UNSIGNED NOT NULL,
  `nik` varchar(20) NOT NULL,
  `nama` varchar(255) NOT NULL,
  `jenis_kelamin` enum('L','P') NOT NULL,
  `tanggal_lahir` date NOT NULL,
  `pendidikan` varchar(255) DEFAULT NULL,
  `alamat` text NOT NULL,
  `luas_lahan_garap` decimal(8,2) NOT NULL DEFAULT 0.00,
  `status_lahan` varchar(255) DEFAULT NULL,
  `latitude` varchar(255) DEFAULT NULL,
  `longitude` varchar(255) DEFAULT NULL,
  `no_hp` varchar(255) DEFAULT NULL,
  `aktif` tinyint(1) NOT NULL DEFAULT 1,
  `created_at` timestamp NULL DEFAULT NULL,
  `updated_at` timestamp NULL DEFAULT NULL,
  `provinsi_id` bigint(20) UNSIGNED DEFAULT NULL,
  `kabupaten_id` bigint(20) UNSIGNED DEFAULT NULL,
  `kecamatan_id` bigint(20) UNSIGNED DEFAULT NULL,
  `desa_id` bigint(20) UNSIGNED DEFAULT NULL
) ENGINE=InnoDB DEFAULT CHARSET=utf8mb4 COLLATE=utf8mb4_unicode_ci;

--
-- Dumping data untuk tabel `petani`
--

INSERT INTO `petani` (`id`, `poktan_id`, `nik`, `nama`, `jenis_kelamin`, `tanggal_lahir`, `pendidikan`, `alamat`, `luas_lahan_garap`, `status_lahan`, `latitude`, `longitude`, `no_hp`, `aktif`, `created_at`, `updated_at`, `provinsi_id`, `kabupaten_id`, `kecamatan_id`, `desa_id`) VALUES
(5, 3, '327206123456000', 'Suryana', 'L', '2025-10-30', 'SMA', 'Jawa Barat Kota Sukabumi Cibeureum Limusnunggal', 0.50, 'Milik Sendiri', NULL, NULL, '01', 1, '2025-10-30 08:04:18', '2025-10-30 08:11:07', NULL, NULL, NULL, NULL),
(6, 3, '1232323232323232', 'test petani', 'L', '2025-11-03', 'SMP', 'Musholla Annur', 1.00, 'Milik Sendiri', NULL, NULL, '1', 1, '2025-10-31 12:44:58', '2025-10-31 12:44:58', NULL, NULL, NULL, NULL);

-- --------------------------------------------------------

--
-- Struktur dari tabel `poktan`
--

CREATE TABLE `poktan` (
  `id` bigint(20) UNSIGNED NOT NULL,
  `nama` varchar(255) NOT NULL,
  `ketua` varchar(255) NOT NULL,
  `alamat` text NOT NULL,
  `tanggal_terbentuk` date NOT NULL,
  `jumlah_anggota` int(11) NOT NULL DEFAULT 0,
  `aktif` tinyint(1) NOT NULL DEFAULT 1,
  `created_at` timestamp NULL DEFAULT NULL,
  `updated_at` timestamp NULL DEFAULT NULL,
  `provinsi_id` bigint(20) UNSIGNED DEFAULT NULL,
  `kabupaten_id` bigint(20) UNSIGNED DEFAULT NULL,
  `kecamatan_id` bigint(20) UNSIGNED DEFAULT NULL,
  `desa_id` bigint(20) UNSIGNED DEFAULT NULL,
  `komoditas_utama_id` bigint(20) UNSIGNED DEFAULT NULL
) ENGINE=InnoDB DEFAULT CHARSET=utf8mb4 COLLATE=utf8mb4_unicode_ci;

--
-- Dumping data untuk tabel `poktan`
--

INSERT INTO `poktan` (`id`, `nama`, `ketua`, `alamat`, `tanggal_terbentuk`, `jumlah_anggota`, `aktif`, `created_at`, `updated_at`, `provinsi_id`, `kabupaten_id`, `kecamatan_id`, `desa_id`, `komoditas_utama_id`) VALUES
(3, 'Tentram', 'Suryana', 'Jawa Barat Kota Sukabumi Cibeureum Limusnunggal', '2025-10-30', 2, 1, '2025-10-30 07:54:55', '2025-10-31 12:44:58', 1, 25, 173, 38, NULL),
(4, 'Karang Mekar', 'Uher Suherman', 'Jawa Barat Kota Sukabumi Cibeureum Limusnunggal', '2025-10-30', 1, 1, '2025-10-30 07:55:45', '2025-10-30 07:55:45', 1, 25, 173, 38, NULL),
(5, 'Makmur', 'Ace Abdullah', 'Jawa Barat Kota Sukabumi Cibeureum Limusnunggal', '2025-10-30', 1, 1, '2025-10-30 07:56:25', '2025-10-30 07:56:25', 1, 25, 173, 38, NULL),
(6, 'Subur Tani', 'Eden', 'Jawa Barat Kota Sukabumi Cibeureum Sindangpalay', '2025-10-30', 1, 1, '2025-10-30 07:57:53', '2025-10-30 07:57:53', 1, 25, 173, 37, NULL),
(7, 'Karya Tani', 'Ali', 'Jawa Barat Kota Sukabumi Cibeureum', '2025-10-30', 1, 1, '2025-10-30 07:58:35', '2025-10-30 07:58:48', 1, 25, 173, 36, NULL),
(8, 'Parahita Tani', 'Wati', 'Jawa Barat Kota Sukabumi Cibeureum', '2025-10-30', 1, 1, '2025-10-30 07:59:25', '2025-10-30 07:59:25', 1, 25, 173, 35, NULL),
(9, 'Subur Tani', 'Sutardja', 'Jawa Barat Kota Sukabumi Cikole', '2025-10-30', 1, 1, '2025-10-30 08:00:08', '2025-10-30 08:00:08', 1, 25, 168, 14, NULL),
(10, 'Putra Mandiri', 'Dicki Subagja', 'Jawa Barat Kota Sukabumi Cikole', '2025-10-30', 1, 1, '2025-10-30 08:00:44', '2025-10-30 08:00:44', 1, 25, 168, 11, NULL);

-- --------------------------------------------------------

--
-- Struktur dari tabel `produksi`
--

CREATE TABLE `produksi` (
  `id` bigint(20) UNSIGNED NOT NULL,
  `demplot_id` bigint(20) UNSIGNED NOT NULL,
  `komoditas_id` bigint(20) UNSIGNED NOT NULL,
  `tahun` year(4) NOT NULL,
  `bulan` tinyint(4) DEFAULT NULL,
  `luas_panen` decimal(10,2) NOT NULL,
  `total_produksi` decimal(10,2) NOT NULL,
  `produktivitas` decimal(10,2) DEFAULT NULL,
  `tanggal_input` datetime NOT NULL,
  `petugas_id` bigint(20) UNSIGNED NOT NULL,
  `sumber_data` varchar(255) DEFAULT NULL,
  `created_at` timestamp NULL DEFAULT NULL,
  `updated_at` timestamp NULL DEFAULT NULL
) ENGINE=InnoDB DEFAULT CHARSET=utf8mb4 COLLATE=utf8mb4_unicode_ci;

-- --------------------------------------------------------

--
-- Struktur dari tabel `provinsis`
--

CREATE TABLE `provinsis` (
  `id` bigint(20) UNSIGNED NOT NULL,
  `kode` varchar(255) NOT NULL,
  `nama` varchar(255) NOT NULL,
  `latitude` decimal(10,8) DEFAULT NULL,
  `longitude` decimal(11,8) DEFAULT NULL,
  `aktif` tinyint(1) NOT NULL DEFAULT 1,
  `created_at` timestamp NULL DEFAULT NULL,
  `updated_at` timestamp NULL DEFAULT NULL
) ENGINE=InnoDB DEFAULT CHARSET=utf8mb4 COLLATE=utf8mb4_unicode_ci;

--
-- Dumping data untuk tabel `provinsis`
--

INSERT INTO `provinsis` (`id`, `kode`, `nama`, `latitude`, `longitude`, `aktif`, `created_at`, `updated_at`) VALUES
(1, '32', 'Jawa Barat', -6.91750000, 107.61910000, 1, '2025-10-24 09:29:11', '2025-10-24 09:29:11'),
(6, '75', 'Gorontalo', 0.70193700, 122.44505600, 1, '2025-11-05 01:46:17', '2025-11-05 01:46:17'),
(7, '93', 'Papua Selatan', -6.67029200, 139.80018900, 1, '2025-11-05 04:21:54', '2025-11-05 04:29:21'),
(8, '53', 'Nusa Tenggara Timur', -8.64162600, 121.07220500, 1, '2025-11-05 04:30:53', '2025-11-05 04:49:48'),
(9, '51', 'Bali', -8.37015600, 115.19353400, 1, '2025-11-05 04:50:43', '2025-11-05 04:56:25');

-- --------------------------------------------------------

--
-- Struktur dari tabel `sektor`
--

CREATE TABLE `sektor` (
  `id` bigint(20) UNSIGNED NOT NULL,
  `kode` varchar(10) NOT NULL,
  `nama` varchar(255) NOT NULL,
  `deskripsi` text DEFAULT NULL,
  `aktif` tinyint(1) NOT NULL DEFAULT 1,
  `created_at` timestamp NULL DEFAULT NULL,
  `updated_at` timestamp NULL DEFAULT NULL
) ENGINE=InnoDB DEFAULT CHARSET=utf8mb4 COLLATE=utf8mb4_unicode_ci;

--
-- Dumping data untuk tabel `sektor`
--

INSERT INTO `sektor` (`id`, `kode`, `nama`, `deskripsi`, `aktif`, `created_at`, `updated_at`) VALUES
(1, 'A1', 'Tanaman Pangan', 'Komoditas tanaman pangan', 1, '2025-10-24 09:29:05', '2025-11-04 13:34:43'),
(2, 'A2', 'Hortikultura', 'Sayuran, buah-buahan, dan tanaman hias', 1, '2025-10-24 09:29:05', '2025-10-24 09:29:05'),
(3, 'A3', 'Perkebunan', 'Tanaman perkebunan tahunan', 1, '2025-10-24 09:29:05', '2025-10-24 09:29:05'),
(4, 'A4', 'Peternakan', 'Hewan ternak dan produk peternakan', 1, '2025-10-24 09:29:05', '2025-10-24 09:29:05'),
(5, 'A5', 'Perikanan', 'Budidaya perikanan air tawar dan laut', 1, '2025-10-24 09:29:05', '2025-10-24 09:29:05');

-- --------------------------------------------------------

--
-- Struktur dari tabel `sessions`
--

CREATE TABLE `sessions` (
  `id` varchar(255) NOT NULL,
  `user_id` bigint(20) UNSIGNED DEFAULT NULL,
  `ip_address` varchar(45) DEFAULT NULL,
  `user_agent` text DEFAULT NULL,
  `payload` longtext NOT NULL,
  `last_activity` int(11) NOT NULL
) ENGINE=InnoDB DEFAULT CHARSET=utf8mb4 COLLATE=utf8mb4_unicode_ci;

-- --------------------------------------------------------

--
-- Struktur dari tabel `users`
--

CREATE TABLE `users` (
  `id` bigint(20) UNSIGNED NOT NULL,
  `nama` varchar(255) NOT NULL,
  `email` varchar(255) NOT NULL,
  `password` varchar(255) NOT NULL,
  `role` enum('admin','petugas','dpd','poktan') NOT NULL,
  `poktan_id` bigint(20) UNSIGNED DEFAULT NULL,
  `aktif` tinyint(1) NOT NULL DEFAULT 1,
  `last_login` datetime DEFAULT NULL,
  `remember_token` varchar(100) DEFAULT NULL,
  `created_at` timestamp NULL DEFAULT NULL,
  `updated_at` timestamp NULL DEFAULT NULL,
  `provinsi_id` bigint(20) UNSIGNED DEFAULT NULL,
  `kabupaten_id` bigint(20) UNSIGNED DEFAULT NULL,
  `kecamatan_id` bigint(20) UNSIGNED DEFAULT NULL,
  `desa_id` bigint(20) UNSIGNED DEFAULT NULL
) ENGINE=InnoDB DEFAULT CHARSET=utf8mb4 COLLATE=utf8mb4_unicode_ci;

--
-- Dumping data untuk tabel `users`
--

INSERT INTO `users` (`id`, `nama`, `email`, `password`, `role`, `poktan_id`, `aktif`, `last_login`, `remember_token`, `created_at`, `updated_at`, `provinsi_id`, `kabupaten_id`, `kecamatan_id`, `desa_id`) VALUES
(6, 'Admin Nasional', 'admin@rpr-nasdem.id', '$2y$12$6VpROs2QscMmnjpcCJZsGOSUn90wJUcj8cfJkSpqFLZX88x02BaRq', 'admin', NULL, 1, NULL, NULL, '2025-10-24 09:29:11', '2025-10-24 09:29:11', NULL, NULL, NULL, NULL),
(7, 'Petugas Jawa Barat', 'petugas@jabar.rpr-nasdem.id', '$2y$12$Q2aUXUrOPf7miMpD5oBpJ.GEbemLuvIk6bT2PL3XB7TIxm0uuBQra', 'petugas', NULL, 1, NULL, NULL, '2025-10-24 09:29:12', '2025-10-24 17:11:39', 1, 1, 1, 1),
(8, 'Petugas Kab Bandung', 'petugas@kab-bandung.rpr-nasdem.id', '$2y$12$1K1FaBeR6TtVxPEI.Zhl.e/Gc52IFHVWKZYxoqSkfUGR/VIFGX1ui', 'petugas', NULL, 1, NULL, NULL, '2025-10-24 09:29:12', '2025-10-24 09:29:12', 1, 1, NULL, NULL),
(9, 'Ketua DPP NasDem\n\nSulaeman L Hamzah', 'dpd@nasdem.rpr-nasdem.id', '$2y$12$ja3RPam4Fq6evtQY0O.cCObaJ1TmNEif.aoZix/SIRCtxDcpujxPK', 'dpd', NULL, 1, NULL, NULL, '2025-10-24 09:29:12', '2025-10-24 09:29:12', NULL, NULL, NULL, NULL),
(11, 'Ezza Eka Pramana', 'ezaprambanan@gmail.com', '$2y$12$GWSWRIzLWQpaimIiRQE8VeeX44EHJ.iD7Jg1FrNNb9x0sH3uOhcIy', 'admin', NULL, 1, NULL, NULL, '2025-10-29 01:07:00', '2025-10-29 01:07:00', NULL, NULL, NULL, NULL),
(15, 'Ketua Test', 'ketua@gmail.com', '$2y$12$7YyxWVDUexhPYh7mElaiXujbB7k/nxWGUNaHlIycH1xyqy4wVb0U6', 'poktan', 3, 1, NULL, NULL, '2025-10-31 11:55:03', '2025-10-31 11:55:03', 1, 25, 127, 6),
(16, 'Khoirul Mukhtarom', 'tarom@rpr-nasdem.id', '$2y$12$cDB38otXrQahR.hxGL5gFOYqmRFcz.Bb0OMYTgTzi3pZ/MKAdooQG', 'dpd', NULL, 1, NULL, NULL, '2025-11-07 14:37:58', '2025-11-07 14:39:22', NULL, NULL, NULL, NULL);

-- --------------------------------------------------------

--
-- Struktur dari tabel `wilayah`
--

CREATE TABLE `wilayah` (
  `id` bigint(20) UNSIGNED NOT NULL,
  `kode` varchar(255) NOT NULL,
  `nama` varchar(255) NOT NULL,
  `level` enum('provinsi','kabupaten','kecamatan','desa') NOT NULL,
  `parent_id` bigint(20) UNSIGNED DEFAULT NULL,
  `latitude` decimal(10,8) DEFAULT NULL,
  `longitude` decimal(11,8) DEFAULT NULL,
  `aktif` tinyint(1) NOT NULL DEFAULT 1,
  `created_at` timestamp NULL DEFAULT NULL,
  `updated_at` timestamp NULL DEFAULT NULL
) ENGINE=InnoDB DEFAULT CHARSET=utf8mb4 COLLATE=utf8mb4_unicode_ci;

--
-- Indexes for dumped tables
--

--
-- Indeks untuk tabel `bps_data`
--
ALTER TABLE `bps_data`
  ADD PRIMARY KEY (`id`),
  ADD KEY `bps_data_provinsi_id_foreign` (`provinsi_id`),
  ADD KEY `bps_data_kabupaten_id_foreign` (`kabupaten_id`),
  ADD KEY `bps_data_sektor_id_foreign` (`sektor_id`),
  ADD KEY `bps_data_tahun_provinsi_id_index` (`tahun`,`provinsi_id`),
  ADD KEY `bps_data_komoditas_id_status_unggulan_index` (`komoditas_id`,`status_unggulan`),
  ADD KEY `bps_data_kecamatan_id_foreign` (`kecamatan_id`),
  ADD KEY `bps_data_tahun_provinsi_id_kabupaten_id_kecamatan_id_index` (`tahun`,`provinsi_id`,`kabupaten_id`,`kecamatan_id`),
  ADD KEY `bps_data_komoditas_id_status_unggulan_tahun_index` (`komoditas_id`,`status_unggulan`,`tahun`);

--
-- Indeks untuk tabel `cache`
--
ALTER TABLE `cache`
  ADD PRIMARY KEY (`key`);

--
-- Indeks untuk tabel `cache_locks`
--
ALTER TABLE `cache_locks`
  ADD PRIMARY KEY (`key`);

--
-- Indeks untuk tabel `demplot`
--
ALTER TABLE `demplot`
  ADD PRIMARY KEY (`id`),
  ADD KEY `demplot_petani_id_foreign` (`petani_id`),
  ADD KEY `demplot_komoditas_id_foreign` (`komoditas_id`),
  ADD KEY `demplot_provinsi_id_foreign` (`provinsi_id`),
  ADD KEY `demplot_kabupaten_id_foreign` (`kabupaten_id`),
  ADD KEY `demplot_kecamatan_id_foreign` (`kecamatan_id`),
  ADD KEY `demplot_desa_id_foreign` (`desa_id`);

--
-- Indeks untuk tabel `desas`
--
ALTER TABLE `desas`
  ADD PRIMARY KEY (`id`),
  ADD UNIQUE KEY `desas_kode_unique` (`kode`),
  ADD KEY `desas_kecamatan_id_foreign` (`kecamatan_id`);

--
-- Indeks untuk tabel `failed_jobs`
--
ALTER TABLE `failed_jobs`
  ADD PRIMARY KEY (`id`),
  ADD UNIQUE KEY `failed_jobs_uuid_unique` (`uuid`);

--
-- Indeks untuk tabel `jobs`
--
ALTER TABLE `jobs`
  ADD PRIMARY KEY (`id`),
  ADD KEY `jobs_queue_index` (`queue`);

--
-- Indeks untuk tabel `job_batches`
--
ALTER TABLE `job_batches`
  ADD PRIMARY KEY (`id`);

--
-- Indeks untuk tabel `kabupatens`
--
ALTER TABLE `kabupatens`
  ADD PRIMARY KEY (`id`),
  ADD UNIQUE KEY `kabupatens_kode_unique` (`kode`),
  ADD KEY `kabupatens_provinsi_id_foreign` (`provinsi_id`);

--
-- Indeks untuk tabel `kecamatans`
--
ALTER TABLE `kecamatans`
  ADD PRIMARY KEY (`id`),
  ADD UNIQUE KEY `kecamatans_kode_unique` (`kode`),
  ADD KEY `kecamatans_kabupaten_id_foreign` (`kabupaten_id`);

--
-- Indeks untuk tabel `komoditas`
--
ALTER TABLE `komoditas`
  ADD PRIMARY KEY (`id`),
  ADD KEY `komoditas_sektor_id_foreign` (`sektor_id`);

--
-- Indeks untuk tabel `migrations`
--
ALTER TABLE `migrations`
  ADD PRIMARY KEY (`id`);

--
-- Indeks untuk tabel `notifications`
--
ALTER TABLE `notifications`
  ADD PRIMARY KEY (`id`),
  ADD KEY `notifications_user_id_foreign` (`user_id`);

--
-- Indeks untuk tabel `personal_access_tokens`
--
ALTER TABLE `personal_access_tokens`
  ADD PRIMARY KEY (`id`),
  ADD UNIQUE KEY `personal_access_tokens_token_unique` (`token`),
  ADD KEY `personal_access_tokens_tokenable_type_tokenable_id_index` (`tokenable_type`,`tokenable_id`),
  ADD KEY `personal_access_tokens_expires_at_index` (`expires_at`);

--
-- Indeks untuk tabel `petani`
--
ALTER TABLE `petani`
  ADD PRIMARY KEY (`id`),
  ADD UNIQUE KEY `petani_nik_unique` (`nik`),
  ADD KEY `petani_poktan_id_foreign` (`poktan_id`),
  ADD KEY `petani_provinsi_id_foreign` (`provinsi_id`),
  ADD KEY `petani_kabupaten_id_foreign` (`kabupaten_id`),
  ADD KEY `petani_kecamatan_id_foreign` (`kecamatan_id`),
  ADD KEY `petani_desa_id_foreign` (`desa_id`);

--
-- Indeks untuk tabel `poktan`
--
ALTER TABLE `poktan`
  ADD PRIMARY KEY (`id`),
  ADD KEY `poktan_provinsi_id_foreign` (`provinsi_id`),
  ADD KEY `poktan_kabupaten_id_foreign` (`kabupaten_id`),
  ADD KEY `poktan_kecamatan_id_foreign` (`kecamatan_id`),
  ADD KEY `poktan_desa_id_foreign` (`desa_id`),
  ADD KEY `poktan_komoditas_utama_id_foreign` (`komoditas_utama_id`);

--
-- Indeks untuk tabel `produksi`
--
ALTER TABLE `produksi`
  ADD PRIMARY KEY (`id`),
  ADD KEY `produksi_demplot_id_foreign` (`demplot_id`),
  ADD KEY `produksi_komoditas_id_foreign` (`komoditas_id`),
  ADD KEY `produksi_petugas_id_foreign` (`petugas_id`);

--
-- Indeks untuk tabel `provinsis`
--
ALTER TABLE `provinsis`
  ADD PRIMARY KEY (`id`),
  ADD UNIQUE KEY `provinsis_kode_unique` (`kode`);

--
-- Indeks untuk tabel `sektor`
--
ALTER TABLE `sektor`
  ADD PRIMARY KEY (`id`),
  ADD UNIQUE KEY `sektor_kode_unique` (`kode`);

--
-- Indeks untuk tabel `sessions`
--
ALTER TABLE `sessions`
  ADD PRIMARY KEY (`id`),
  ADD KEY `sessions_user_id_index` (`user_id`),
  ADD KEY `sessions_last_activity_index` (`last_activity`);

--
-- Indeks untuk tabel `users`
--
ALTER TABLE `users`
  ADD PRIMARY KEY (`id`),
  ADD UNIQUE KEY `users_email_unique` (`email`),
  ADD KEY `users_provinsi_id_foreign` (`provinsi_id`),
  ADD KEY `users_kabupaten_id_foreign` (`kabupaten_id`),
  ADD KEY `users_kecamatan_id_foreign` (`kecamatan_id`),
  ADD KEY `users_desa_id_foreign` (`desa_id`),
  ADD KEY `users_poktan_id_foreign` (`poktan_id`);

--
-- Indeks untuk tabel `wilayah`
--
ALTER TABLE `wilayah`
  ADD PRIMARY KEY (`id`),
  ADD UNIQUE KEY `wilayah_kode_unique` (`kode`),
  ADD KEY `wilayah_parent_id_foreign` (`parent_id`);

--
-- AUTO_INCREMENT untuk tabel yang dibuang
--

--
-- AUTO_INCREMENT untuk tabel `bps_data`
--
ALTER TABLE `bps_data`
  MODIFY `id` bigint(20) UNSIGNED NOT NULL AUTO_INCREMENT, AUTO_INCREMENT=1535;

--
-- AUTO_INCREMENT untuk tabel `demplot`
--
ALTER TABLE `demplot`
  MODIFY `id` bigint(20) UNSIGNED NOT NULL AUTO_INCREMENT, AUTO_INCREMENT=5;

--
-- AUTO_INCREMENT untuk tabel `desas`
--
ALTER TABLE `desas`
  MODIFY `id` bigint(20) UNSIGNED NOT NULL AUTO_INCREMENT, AUTO_INCREMENT=76;

--
-- AUTO_INCREMENT untuk tabel `failed_jobs`
--
ALTER TABLE `failed_jobs`
  MODIFY `id` bigint(20) UNSIGNED NOT NULL AUTO_INCREMENT;

--
-- AUTO_INCREMENT untuk tabel `jobs`
--
ALTER TABLE `jobs`
  MODIFY `id` bigint(20) UNSIGNED NOT NULL AUTO_INCREMENT;

--
-- AUTO_INCREMENT untuk tabel `kabupatens`
--
ALTER TABLE `kabupatens`
  MODIFY `id` bigint(20) UNSIGNED NOT NULL AUTO_INCREMENT, AUTO_INCREMENT=74;

--
-- AUTO_INCREMENT untuk tabel `kecamatans`
--
ALTER TABLE `kecamatans`
  MODIFY `id` bigint(20) UNSIGNED NOT NULL AUTO_INCREMENT, AUTO_INCREMENT=705;

--
-- AUTO_INCREMENT untuk tabel `komoditas`
--
ALTER TABLE `komoditas`
  MODIFY `id` bigint(20) UNSIGNED NOT NULL AUTO_INCREMENT, AUTO_INCREMENT=161;

--
-- AUTO_INCREMENT untuk tabel `migrations`
--
ALTER TABLE `migrations`
  MODIFY `id` int(10) UNSIGNED NOT NULL AUTO_INCREMENT, AUTO_INCREMENT=29;

--
-- AUTO_INCREMENT untuk tabel `notifications`
--
ALTER TABLE `notifications`
  MODIFY `id` bigint(20) UNSIGNED NOT NULL AUTO_INCREMENT;

--
-- AUTO_INCREMENT untuk tabel `personal_access_tokens`
--
ALTER TABLE `personal_access_tokens`
  MODIFY `id` bigint(20) UNSIGNED NOT NULL AUTO_INCREMENT;

--
-- AUTO_INCREMENT untuk tabel `petani`
--
ALTER TABLE `petani`
  MODIFY `id` bigint(20) UNSIGNED NOT NULL AUTO_INCREMENT, AUTO_INCREMENT=7;

--
-- AUTO_INCREMENT untuk tabel `poktan`
--
ALTER TABLE `poktan`
  MODIFY `id` bigint(20) UNSIGNED NOT NULL AUTO_INCREMENT, AUTO_INCREMENT=11;

--
-- AUTO_INCREMENT untuk tabel `produksi`
--
ALTER TABLE `produksi`
  MODIFY `id` bigint(20) UNSIGNED NOT NULL AUTO_INCREMENT, AUTO_INCREMENT=2;

--
-- AUTO_INCREMENT untuk tabel `provinsis`
--
ALTER TABLE `provinsis`
  MODIFY `id` bigint(20) UNSIGNED NOT NULL AUTO_INCREMENT, AUTO_INCREMENT=10;

--
-- AUTO_INCREMENT untuk tabel `sektor`
--
ALTER TABLE `sektor`
  MODIFY `id` bigint(20) UNSIGNED NOT NULL AUTO_INCREMENT, AUTO_INCREMENT=7;

--
-- AUTO_INCREMENT untuk tabel `users`
--
ALTER TABLE `users`
  MODIFY `id` bigint(20) UNSIGNED NOT NULL AUTO_INCREMENT, AUTO_INCREMENT=17;

--
-- AUTO_INCREMENT untuk tabel `wilayah`
--
ALTER TABLE `wilayah`
  MODIFY `id` bigint(20) UNSIGNED NOT NULL AUTO_INCREMENT;

--
-- Ketidakleluasaan untuk tabel pelimpahan (Dumped Tables)
--

--
-- Ketidakleluasaan untuk tabel `bps_data`
--
ALTER TABLE `bps_data`
  ADD CONSTRAINT `bps_data_kabupaten_id_foreign` FOREIGN KEY (`kabupaten_id`) REFERENCES `kabupatens` (`id`),
  ADD CONSTRAINT `bps_data_kecamatan_id_foreign` FOREIGN KEY (`kecamatan_id`) REFERENCES `kecamatans` (`id`) ON DELETE CASCADE,
  ADD CONSTRAINT `bps_data_komoditas_id_foreign` FOREIGN KEY (`komoditas_id`) REFERENCES `komoditas` (`id`),
  ADD CONSTRAINT `bps_data_provinsi_id_foreign` FOREIGN KEY (`provinsi_id`) REFERENCES `provinsis` (`id`),
  ADD CONSTRAINT `bps_data_sektor_id_foreign` FOREIGN KEY (`sektor_id`) REFERENCES `sektor` (`id`);

--
-- Ketidakleluasaan untuk tabel `demplot`
--
ALTER TABLE `demplot`
  ADD CONSTRAINT `demplot_desa_id_foreign` FOREIGN KEY (`desa_id`) REFERENCES `desas` (`id`),
  ADD CONSTRAINT `demplot_kabupaten_id_foreign` FOREIGN KEY (`kabupaten_id`) REFERENCES `kabupatens` (`id`),
  ADD CONSTRAINT `demplot_kecamatan_id_foreign` FOREIGN KEY (`kecamatan_id`) REFERENCES `kecamatans` (`id`),
  ADD CONSTRAINT `demplot_komoditas_id_foreign` FOREIGN KEY (`komoditas_id`) REFERENCES `komoditas` (`id`),
  ADD CONSTRAINT `demplot_petani_id_foreign` FOREIGN KEY (`petani_id`) REFERENCES `petani` (`id`),
  ADD CONSTRAINT `demplot_provinsi_id_foreign` FOREIGN KEY (`provinsi_id`) REFERENCES `provinsis` (`id`);

--
-- Ketidakleluasaan untuk tabel `desas`
--
ALTER TABLE `desas`
  ADD CONSTRAINT `desas_kecamatan_id_foreign` FOREIGN KEY (`kecamatan_id`) REFERENCES `kecamatans` (`id`) ON DELETE CASCADE;

--
-- Ketidakleluasaan untuk tabel `kabupatens`
--
ALTER TABLE `kabupatens`
  ADD CONSTRAINT `kabupatens_provinsi_id_foreign` FOREIGN KEY (`provinsi_id`) REFERENCES `provinsis` (`id`) ON DELETE CASCADE;

--
-- Ketidakleluasaan untuk tabel `kecamatans`
--
ALTER TABLE `kecamatans`
  ADD CONSTRAINT `kecamatans_kabupaten_id_foreign` FOREIGN KEY (`kabupaten_id`) REFERENCES `kabupatens` (`id`) ON DELETE CASCADE;

--
-- Ketidakleluasaan untuk tabel `komoditas`
--
ALTER TABLE `komoditas`
  ADD CONSTRAINT `komoditas_sektor_id_foreign` FOREIGN KEY (`sektor_id`) REFERENCES `sektor` (`id`);

--
-- Ketidakleluasaan untuk tabel `notifications`
--
ALTER TABLE `notifications`
  ADD CONSTRAINT `notifications_user_id_foreign` FOREIGN KEY (`user_id`) REFERENCES `users` (`id`) ON DELETE CASCADE;

--
-- Ketidakleluasaan untuk tabel `petani`
--
ALTER TABLE `petani`
  ADD CONSTRAINT `petani_desa_id_foreign` FOREIGN KEY (`desa_id`) REFERENCES `desas` (`id`),
  ADD CONSTRAINT `petani_kabupaten_id_foreign` FOREIGN KEY (`kabupaten_id`) REFERENCES `kabupatens` (`id`),
  ADD CONSTRAINT `petani_kecamatan_id_foreign` FOREIGN KEY (`kecamatan_id`) REFERENCES `kecamatans` (`id`),
  ADD CONSTRAINT `petani_poktan_id_foreign` FOREIGN KEY (`poktan_id`) REFERENCES `poktan` (`id`),
  ADD CONSTRAINT `petani_provinsi_id_foreign` FOREIGN KEY (`provinsi_id`) REFERENCES `provinsis` (`id`);

--
-- Ketidakleluasaan untuk tabel `poktan`
--
ALTER TABLE `poktan`
  ADD CONSTRAINT `poktan_desa_id_foreign` FOREIGN KEY (`desa_id`) REFERENCES `desas` (`id`),
  ADD CONSTRAINT `poktan_kabupaten_id_foreign` FOREIGN KEY (`kabupaten_id`) REFERENCES `kabupatens` (`id`),
  ADD CONSTRAINT `poktan_kecamatan_id_foreign` FOREIGN KEY (`kecamatan_id`) REFERENCES `kecamatans` (`id`),
  ADD CONSTRAINT `poktan_komoditas_utama_id_foreign` FOREIGN KEY (`komoditas_utama_id`) REFERENCES `komoditas` (`id`) ON DELETE SET NULL,
  ADD CONSTRAINT `poktan_provinsi_id_foreign` FOREIGN KEY (`provinsi_id`) REFERENCES `provinsis` (`id`);

--
-- Ketidakleluasaan untuk tabel `produksi`
--
ALTER TABLE `produksi`
  ADD CONSTRAINT `produksi_demplot_id_foreign` FOREIGN KEY (`demplot_id`) REFERENCES `demplot` (`id`),
  ADD CONSTRAINT `produksi_komoditas_id_foreign` FOREIGN KEY (`komoditas_id`) REFERENCES `komoditas` (`id`),
  ADD CONSTRAINT `produksi_petugas_id_foreign` FOREIGN KEY (`petugas_id`) REFERENCES `users` (`id`);

--
-- Ketidakleluasaan untuk tabel `users`
--
ALTER TABLE `users`
  ADD CONSTRAINT `users_desa_id_foreign` FOREIGN KEY (`desa_id`) REFERENCES `desas` (`id`),
  ADD CONSTRAINT `users_kabupaten_id_foreign` FOREIGN KEY (`kabupaten_id`) REFERENCES `kabupatens` (`id`),
  ADD CONSTRAINT `users_kecamatan_id_foreign` FOREIGN KEY (`kecamatan_id`) REFERENCES `kecamatans` (`id`),
  ADD CONSTRAINT `users_poktan_id_foreign` FOREIGN KEY (`poktan_id`) REFERENCES `poktan` (`id`) ON DELETE SET NULL,
  ADD CONSTRAINT `users_provinsi_id_foreign` FOREIGN KEY (`provinsi_id`) REFERENCES `provinsis` (`id`);

--
-- Ketidakleluasaan untuk tabel `wilayah`
--
ALTER TABLE `wilayah`
  ADD CONSTRAINT `wilayah_parent_id_foreign` FOREIGN KEY (`parent_id`) REFERENCES `wilayah` (`id`);
COMMIT;

/*!40101 SET CHARACTER_SET_CLIENT=@OLD_CHARACTER_SET_CLIENT */;
/*!40101 SET CHARACTER_SET_RESULTS=@OLD_CHARACTER_SET_RESULTS */;
/*!40101 SET COLLATION_CONNECTION=@OLD_COLLATION_CONNECTION */;
